symbol_in,symbol_out,chain,sc_in,des_in,sc_out,des_out,status,CEX_GATE,CEX_BINANCE,CEX_MEXC,CEX_KUCOIN,CEX_BITGET,CEX_BYBIT,CEX_INDODAX,DEX_KYBER,DEX_0X,DEX_ODOS,DEX_OKX,DEX_1INCH,DEX_PARASWAP
BTTC,USDT,bsc,0x352cb5e19b12fc216548a2677bd0fce83bae434b,18,0x55d398326f99059fF775485246999027B3197955,18,TRUE,FALSE,TRUE,FALSE,FALSE,FALSE,FALSE,FALSE,900|800,100|70,1200|1100,400|350,1000|900,300|250
SHIB,USDT,bsc,0x2859e4544c4bb03966803b044a93563bd2d0dd4d,18,0x55d398326f99059fF775485246999027B3197955,18,TRUE,FALSE,TRUE,FALSE,FALSE,FALSE,FALSE,FALSE,900|800,100|70,1200|1100,400|350,1000|900,300|250
BONK,USDT,bsc,0xa697e272a73744b343528c3bc4702f2565b2f422,5,0x55d398326f99059fF775485246999027B3197955,18,TRUE,FALSE,TRUE,FALSE,FALSE,FALSE,FALSE,FALSE,900|800,100|70,1200|1100,400|350,1000|900,300|250
XEC,USDT,bsc,0x0ef2e7602add1733bfdb17ac3094d0421b502ca3,18,0x55d398326f99059fF775485246999027B3197955,18,TRUE,FALSE,TRUE,FALSE,FALSE,FALSE,FALSE,FALSE,900|800,100|70,1200|1100,400|350,1000|900,300|250
WIN,USDT,bsc,0xaef0d72a118ce24fee3cd1d43d383897d05b4e99,18,0x55d398326f99059fF775485246999027B3197955,18,TRUE,FALSE,TRUE,FALSE,FALSE,FALSE,FALSE,FALSE,900|800,100|70,1200|1100,400|350,1000|900,300|250
FLOKI,USDT,bsc,0xfb5b838b6cfeedc2873ab27866079ac55363d37e,9,0x55d398326f99059fF775485246999027B3197955,18,TRUE,FALSE,TRUE,FALSE,FALSE,FALSE,FALSE,FALSE,900|800,100|70,1200|1100,400|350,1000|900,300|250
1MBABYDOGE,USDT,bsc,0xc748673057861a797275cd8a068abb95a902e8de,15,0x55d398326f99059fF775485246999027B3197955,18,TRUE,FALSE,TRUE,FALSE,FALSE,FALSE,FALSE,FALSE,900|800,100|70,1200|1100,400|350,1000|900,300|250
SLP,USDT,bsc,0x070a08beef8d36734dd67a491202ff35a6a16d97,18,0x55d398326f99059fF775485246999027B3197955,18,TRUE,FALSE,TRUE,FALSE,FALSE,FALSE,FALSE,FALSE,900|800,100|70,1200|1100,400|350,1000|900,300|250
1000CHEEMS,USDT,bsc,0x0df0587216a4a1bb7d5082fdc491d93d2dd4b413,21,0x55d398326f99059fF775485246999027B3197955,18,TRUE,FALSE,TRUE,FALSE,FALSE,FALSE,FALSE,FALSE,900|800,100|70,1200|1100,400|350,1000|900,300|250
MBL,USDT,bsc,0x18e37f96628db3037d633fe4d469fb1933a63c5b,18,0x55d398326f99059fF775485246999027B3197955,18,TRUE,FALSE,TRUE,FALSE,FALSE,FALSE,FALSE,FALSE,900|800,100|70,1200|1100,400|350,1000|900,300|250
COS,USDT,bsc,0x96dd399f9c3afda1f194182f71600f1b65946501,18,0x55d398326f99059fF775485246999027B3197955,18,TRUE,FALSE,TRUE,FALSE,FALSE,FALSE,FALSE,FALSE,900|800,100|70,1200|1100,400|350,1000|900,300|250
IOST,USDT,bsc,0xaf48b7e315a52518cfbf7d96c455d9dfad94cb48,18,0x55d398326f99059fF775485246999027B3197955,18,TRUE,FALSE,TRUE,FALSE,FALSE,FALSE,FALSE,FALSE,900|800,100|70,1200|1100,400|350,1000|900,300|250
BANANAS31,USDT,bsc,0x3d4f0513e8a29669b960f9dbca61861548a9a760,18,0x55d398326f99059fF775485246999027B3197955,18,TRUE,FALSE,TRUE,FALSE,FALSE,FALSE,FALSE,FALSE,900|800,100|70,1200|1100,400|350,1000|900,300|250
TLM,USDT,bsc,0x2222227e22102fe3322098e4cbfe18cfebd57c95,4,0x55d398326f99059fF775485246999027B3197955,18,TRUE,FALSE,TRUE,FALSE,FALSE,FALSE,FALSE,FALSE,900|800,100|70,1200|1100,400|350,1000|900,300|250
BEAMX,USDT,bsc,0x62d0a8458ed7719fdaf978fe5929c6d342b0bfce,18,0x55d398326f99059fF775485246999027B3197955,18,TRUE,FALSE,TRUE,FALSE,FALSE,FALSE,FALSE,FALSE,900|800,100|70,1200|1100,400|350,1000|900,300|250
QKC,USDT,bsc,0xa1434f1fc3f437fa33f7a781e041961c0205b5da,18,0x55d398326f99059fF775485246999027B3197955,18,TRUE,FALSE,TRUE,FALSE,FALSE,FALSE,FALSE,FALSE,900|800,100|70,1200|1100,400|350,1000|900,300|250
QI,USDT,bsc,0x8729438eb15e2c8b576fcc6aecda6a148776c0f5,18,0x55d398326f99059fF775485246999027B3197955,18,TRUE,FALSE,TRUE,FALSE,FALSE,FALSE,FALSE,FALSE,900|800,100|70,1200|1100,400|350,1000|900,300|250
1000CAT,USDT,bsc,0x6894cde390a3f51155ea41ed24a33a4827d3063d,21,0x55d398326f99059fF775485246999027B3197955,18,TRUE,FALSE,TRUE,FALSE,FALSE,FALSE,FALSE,FALSE,900|800,100|70,1200|1100,400|350,1000|900,300|250
CELR,USDT,bsc,0x1f9f6a696c6fd109cd3956f45dc709d2b3902163,18,0x55d398326f99059fF775485246999027B3197955,18,TRUE,FALSE,TRUE,FALSE,FALSE,FALSE,FALSE,FALSE,900|800,100|70,1200|1100,400|350,1000|900,300|250
POND,USDT,bsc,0xa1428370f540b4c4e319224165ecae513a391f77,18,0x55d398326f99059fF775485246999027B3197955,18,TRUE,FALSE,TRUE,FALSE,FALSE,FALSE,FALSE,FALSE,900|800,100|70,1200|1100,400|350,1000|900,300|250
G,USDT,bsc,0x9c7beba8f6ef6643abd725e45a4e8387ef260649,18,0x55d398326f99059fF775485246999027B3197955,18,TRUE,FALSE,TRUE,FALSE,FALSE,FALSE,FALSE,FALSE,900|800,100|70,1200|1100,400|350,1000|900,300|250
ZIL,USDT,bsc,0xb86abcb37c3a4b64f74f59301aff131a1becc787,12,0x55d398326f99059fF775485246999027B3197955,18,TRUE,FALSE,TRUE,FALSE,FALSE,FALSE,FALSE,FALSE,900|800,100|70,1200|1100,400|350,1000|900,300|250
DATA,USDT,bsc,0x0864c156b3c5f69824564dec60c629ae6401bf2a,18,0x55d398326f99059fF775485246999027B3197955,18,TRUE,FALSE,TRUE,FALSE,FALSE,FALSE,FALSE,FALSE,900|800,100|70,1200|1100,400|350,1000|900,300|250
JASMY,USDT,bsc,0x15669cf161946c09a8b207650bfbb00e3d8a2e3e,18,0x55d398326f99059fF775485246999027B3197955,18,TRUE,FALSE,TRUE,FALSE,FALSE,FALSE,FALSE,FALSE,900|800,100|70,1200|1100,400|350,1000|900,300|250
ANKR,USDT,bsc,0xf307910a4c7bbc79691fd374889b36d8531b08e3,18,0x55d398326f99059fF775485246999027B3197955,18,TRUE,FALSE,TRUE,FALSE,FALSE,FALSE,FALSE,FALSE,900|800,100|70,1200|1100,400|350,1000|900,300|250
PEOPLE,USDT,bsc,0x2c44b726adf1963ca47af88b284c06f30380fc78,18,0x55d398326f99059fF775485246999027B3197955,18,TRUE,FALSE,TRUE,FALSE,FALSE,FALSE,FALSE,FALSE,900|800,100|70,1200|1100,400|350,1000|900,300|250
IOTX,USDT,bsc,0x9678e42cebeb63f23197d726b29b1cb20d0064e5,18,0x55d398326f99059fF775485246999027B3197955,18,TRUE,FALSE,TRUE,FALSE,FALSE,FALSE,FALSE,FALSE,900|800,100|70,1200|1100,400|350,1000|900,300|250
ACH,USDT,bsc,0xbc7d6b50616989655afd682fb42743507003056d,8,0x55d398326f99059fF775485246999027B3197955,18,TRUE,FALSE,TRUE,FALSE,FALSE,FALSE,FALSE,FALSE,900|800,100|70,1200|1100,400|350,1000|900,300|250
TOWNS,USDT,bsc,0x00000000bca93b25a6694ca3d2109d545988b13b,18,0x55d398326f99059fF775485246999027B3197955,18,TRUE,FALSE,TRUE,FALSE,FALSE,FALSE,FALSE,FALSE,900|800,100|70,1200|1100,400|350,1000|900,300|250
SOLV,USDT,bsc,0xabe8e5cabe24cb36df9540088fd7ce1175b9bc52,18,0x55d398326f99059fF775485246999027B3197955,18,TRUE,FALSE,TRUE,FALSE,FALSE,FALSE,FALSE,FALSE,900|800,100|70,1200|1100,400|350,1000|900,300|250
VET,USDT,bsc,0x6fdcdfef7c496407ccb0cec90f9c5aaa1cc8d888,18,0x55d398326f99059fF775485246999027B3197955,18,TRUE,FALSE,TRUE,FALSE,FALSE,FALSE,FALSE,FALSE,900|800,100|70,1200|1100,400|350,1000|900,300|250
MDT,USDT,bsc,0x668db7aa38eac6b40c9d13dbe61361dc4c4611d1,18,0x55d398326f99059fF775485246999027B3197955,18,TRUE,FALSE,TRUE,FALSE,FALSE,FALSE,FALSE,FALSE,900|800,100|70,1200|1100,400|350,1000|900,300|250
TRU,USDT,bsc,0xb4fcdcb8a0b29247466720ff81587d1a6f4fc4d7,8,0x55d398326f99059fF775485246999027B3197955,18,TRUE,FALSE,TRUE,FALSE,FALSE,FALSE,FALSE,FALSE,900|800,100|70,1200|1100,400|350,1000|900,300|250
ALT,USDT,bsc,0x8457ca5040ad67fdebbcc8edce889a335bc0fbfb,18,0x55d398326f99059fF775485246999027B3197955,18,TRUE,FALSE,TRUE,FALSE,FALSE,FALSE,FALSE,FALSE,900|800,100|70,1200|1100,400|350,1000|900,300|250
RDNT,USDT,bsc,0xf7de7e8a6bd59ed41a4b5fe50278b3b7f31384df,18,0x55d398326f99059fF775485246999027B3197955,18,TRUE,FALSE,TRUE,FALSE,FALSE,FALSE,FALSE,FALSE,900|800,100|70,1200|1100,400|350,1000|900,300|250
IDEX,USDT,bsc,0x0856978f7ffff0a2471b4520e3521c4b3343e36f,18,0x55d398326f99059fF775485246999027B3197955,18,TRUE,FALSE,TRUE,FALSE,FALSE,FALSE,FALSE,FALSE,900|800,100|70,1200|1100,400|350,1000|900,300|250
DF,USDT,bsc,0x4a9a2b2b04549c3927dd2c9668a5ef3fca473623,18,0x55d398326f99059fF775485246999027B3197955,18,TRUE,FALSE,TRUE,FALSE,FALSE,FALSE,FALSE,FALSE,900|800,100|70,1200|1100,400|350,1000|900,300|250
ARPA,USDT,bsc,0x6f769e65c14ebd1f68817f5f1dcdb61cfa2d6f7e,18,0x55d398326f99059fF775485246999027B3197955,18,TRUE,FALSE,TRUE,FALSE,FALSE,FALSE,FALSE,FALSE,900|800,100|70,1200|1100,400|350,1000|900,300|250
TST,USDT,bsc,0x86bb94ddd16efc8bc58e6b056e8df71d9e666429,18,0x55d398326f99059fF775485246999027B3197955,18,TRUE,FALSE,TRUE,FALSE,FALSE,FALSE,FALSE,FALSE,900|800,100|70,1200|1100,400|350,1000|900,300|250
SOPH,USDT,bsc,0x31dba3c96481fde3cd81c2aaf51f2d8bf618c742,18,0x55d398326f99059fF775485246999027B3197955,18,TRUE,FALSE,TRUE,FALSE,FALSE,FALSE,FALSE,FALSE,900|800,100|70,1200|1100,400|350,1000|900,300|250
SUN,USDT,bsc,0xa1e6c58d503e4eee986167f45a063853cefe08c3,18,0x55d398326f99059fF775485246999027B3197955,18,TRUE,FALSE,TRUE,FALSE,FALSE,FALSE,FALSE,FALSE,900|800,100|70,1200|1100,400|350,1000|900,300|250
D,USDT,bsc,0x8fb238058e71f828f505582e65b1d14f8cf52067,6,0x55d398326f99059fF775485246999027B3197955,18,TRUE,FALSE,TRUE,FALSE,FALSE,FALSE,FALSE,FALSE,900|800,100|70,1200|1100,400|350,1000|900,300|250
BROCCOLI714,USDT,bsc,0x6d5ad1592ed9d6d1df9b93c793ab759573ed6714,18,0x55d398326f99059fF775485246999027B3197955,18,TRUE,FALSE,TRUE,FALSE,FALSE,FALSE,FALSE,FALSE,900|800,100|70,1200|1100,400|350,1000|900,300|250
MUBARAK,USDT,bsc,0x5c85d6c6825ab4032337f11ee92a72df936b46f6,18,0x55d398326f99059fF775485246999027B3197955,18,TRUE,FALSE,TRUE,FALSE,FALSE,FALSE,FALSE,FALSE,900|800,100|70,1200|1100,400|350,1000|900,300|250
TUT,USDT,bsc,0xcaae2a2f939f51d97cdfa9a86e79e3f085b799f3,18,0x55d398326f99059fF775485246999027B3197955,18,TRUE,FALSE,TRUE,FALSE,FALSE,FALSE,FALSE,FALSE,900|800,100|70,1200|1100,400|350,1000|900,300|250
GMT,USDT,bsc,0x3019bf2a2ef8040c242c9a4c5c4bd4c81678b2a1,8,0x55d398326f99059fF775485246999027B3197955,18,TRUE,FALSE,TRUE,FALSE,FALSE,FALSE,FALSE,FALSE,900|800,100|70,1200|1100,400|350,1000|900,300|250
HUMA,USDT,bsc,0x92516e0ddf1ddbf7fab1b79cac26689fdc5ba8e6,6,0x55d398326f99059fF775485246999027B3197955,18,TRUE,FALSE,TRUE,FALSE,FALSE,FALSE,FALSE,FALSE,900|800,100|70,1200|1100,400|350,1000|900,300|250
HOME,USDT,bsc,0x4bfaa776991e85e5f8b1255461cbbd216cfc714f,18,0x55d398326f99059fF775485246999027B3197955,18,TRUE,FALSE,TRUE,FALSE,FALSE,FALSE,FALSE,FALSE,900|800,100|70,1200|1100,400|350,1000|900,300|250
ATA,USDT,bsc,0xa2120b9e674d3fc3875f415a7df52e382f141225,18,0x55d398326f99059fF775485246999027B3197955,18,TRUE,FALSE,TRUE,FALSE,FALSE,FALSE,FALSE,FALSE,900|800,100|70,1200|1100,400|350,1000|900,300|250
JST,USDT,bsc,0xea998d307aca04d4f0a3b3036aba84ae2e409c0a,18,0x55d398326f99059fF775485246999027B3197955,18,TRUE,FALSE,TRUE,FALSE,FALSE,FALSE,FALSE,FALSE,900|800,100|70,1200|1100,400|350,1000|900,300|250
DODO,USDT,bsc,0x67ee3cb086f8a16f34bee3ca72fad36f7db929e2,18,0x55d398326f99059fF775485246999027B3197955,18,TRUE,FALSE,TRUE,FALSE,FALSE,FALSE,FALSE,FALSE,900|800,100|70,1200|1100,400|350,1000|900,300|250
COTI,USDT,bsc,0xadbaf88b39d37dc68775ed1541f1bf83a5a45feb,18,0x55d398326f99059fF775485246999027B3197955,18,TRUE,FALSE,TRUE,FALSE,FALSE,FALSE,FALSE,FALSE,900|800,100|70,1200|1100,400|350,1000|900,300|250
SPK,USDT,bsc,0xaff2e841851700d1fc101995ee6b81ae21bb87d7,18,0x55d398326f99059fF775485246999027B3197955,18,TRUE,FALSE,TRUE,FALSE,FALSE,FALSE,FALSE,FALSE,900|800,100|70,1200|1100,400|350,1000|900,300|250
C98,USDT,bsc,0xaec945e04baf28b135fa7c640f624f8d90f1c3a6,18,0x55d398326f99059fF775485246999027B3197955,18,TRUE,FALSE,TRUE,FALSE,FALSE,FALSE,FALSE,FALSE,900|800,100|70,1200|1100,400|350,1000|900,300|250
BMT,USDT,bsc,0x7d814b9ed370ec0a502edc3267393bf62d891b62,18,0x55d398326f99059fF775485246999027B3197955,18,TRUE,FALSE,TRUE,FALSE,FALSE,FALSE,FALSE,FALSE,900|800,100|70,1200|1100,400|350,1000|900,300|250
MAV,USDT,bsc,0xd691d9a68c887bdf34da8c36f63487333acfd103,18,0x55d398326f99059fF775485246999027B3197955,18,TRUE,FALSE,TRUE,FALSE,FALSE,FALSE,FALSE,FALSE,900|800,100|70,1200|1100,400|350,1000|900,300|250
SIGN,USDT,bsc,0x868fced65edbf0056c4163515dd840e9f287a4c3,18,0x55d398326f99059fF775485246999027B3197955,18,TRUE,FALSE,TRUE,FALSE,FALSE,FALSE,FALSE,FALSE,900|800,100|70,1200|1100,400|350,1000|900,300|250
GLMR,USDT,bsc,0x76f3ce6af26de7a9854dbd153acd8f46a2cf5133,18,0x55d398326f99059fF775485246999027B3197955,18,TRUE,FALSE,TRUE,FALSE,FALSE,FALSE,FALSE,FALSE,900|800,100|70,1200|1100,400|350,1000|900,300|250
WOO,USDT,bsc,0x4691937a7508860f876c9c0a2a617e7d9e945d4b,18,0x55d398326f99059fF775485246999027B3197955,18,TRUE,FALSE,TRUE,FALSE,FALSE,FALSE,FALSE,FALSE,900|800,100|70,1200|1100,400|350,1000|900,300|250
NFP,USDT,bsc,0x551897f8203bd131b350601d3ac0679ba0fc0136,18,0x55d398326f99059fF775485246999027B3197955,18,TRUE,FALSE,TRUE,FALSE,FALSE,FALSE,FALSE,FALSE,900|800,100|70,1200|1100,400|350,1000|900,300|250
CHESS,USDT,bsc,0x20de22029ab63cf9a7cf5feb2b737ca1ee4c82a6,18,0x55d398326f99059fF775485246999027B3197955,18,TRUE,FALSE,TRUE,FALSE,FALSE,FALSE,FALSE,FALSE,900|800,100|70,1200|1100,400|350,1000|900,300|250
DUSK,USDT,bsc,0xb2bd0749dbe21f623d9baba856d3b0f0e1bfec9c,18,0x55d398326f99059fF775485246999027B3197955,18,TRUE,FALSE,TRUE,FALSE,FALSE,FALSE,FALSE,FALSE,900|800,100|70,1200|1100,400|350,1000|900,300|250
OGN,USDT,bsc,0x9c1962e0ac2a370ab4c4f4eecba6483d8764c4b2,18,0x55d398326f99059fF775485246999027B3197955,18,TRUE,FALSE,TRUE,FALSE,FALSE,FALSE,FALSE,FALSE,900|800,100|70,1200|1100,400|350,1000|900,300|250
MBOX,USDT,bsc,0x3203c9e46ca618c8c1ce5dc67e7e9d75f5da2377,18,0x55d398326f99059fF775485246999027B3197955,18,TRUE,FALSE,TRUE,FALSE,FALSE,FALSE,FALSE,FALSE,900|800,100|70,1200|1100,400|350,1000|900,300|250
HFT,USDT,bsc,0x44ec807ce2f4a6f2737a92e985f318d035883e47,18,0x55d398326f99059fF775485246999027B3197955,18,TRUE,FALSE,TRUE,FALSE,FALSE,FALSE,FALSE,FALSE,900|800,100|70,1200|1100,400|350,1000|900,300|250
CTSI,USDT,bsc,0x8da443f84fea710266c8eb6bc34b71702d033ef2,18,0x55d398326f99059fF775485246999027B3197955,18,TRUE,FALSE,TRUE,FALSE,FALSE,FALSE,FALSE,FALSE,900|800,100|70,1200|1100,400|350,1000|900,300|250
CGPT,USDT,bsc,0x9840652dc04fb9db2c43853633f0f62be6f00f98,18,0x55d398326f99059fF775485246999027B3197955,18,TRUE,FALSE,TRUE,FALSE,FALSE,FALSE,FALSE,FALSE,900|800,100|70,1200|1100,400|350,1000|900,300|250
RESOLV,USDT,bsc,0xda6cef7f667d992a60eb823ab215493aa0c6b360,18,0x55d398326f99059fF775485246999027B3197955,18,TRUE,FALSE,TRUE,FALSE,FALSE,FALSE,FALSE,FALSE,900|800,100|70,1200|1100,400|350,1000|900,300|250
PHA,USDT,bsc,0x0112e557d400474717056c4e6d40edd846f38351,18,0x55d398326f99059fF775485246999027B3197955,18,TRUE,FALSE,TRUE,FALSE,FALSE,FALSE,FALSE,FALSE,900|800,100|70,1200|1100,400|350,1000|900,300|250
HEMI,USDT,bsc,0x5ffd0eadc186af9512542d0d5e5eafc65d5afc5b,18,0x55d398326f99059fF775485246999027B3197955,18,TRUE,FALSE,TRUE,FALSE,FALSE,FALSE,FALSE,FALSE,900|800,100|70,1200|1100,400|350,1000|900,300|250
CHR,USDT,bsc,0xf9cec8d50f6c8ad3fb6dccec577e05aa32b224fe,6,0x55d398326f99059fF775485246999027B3197955,18,TRUE,FALSE,TRUE,FALSE,FALSE,FALSE,FALSE,FALSE,900|800,100|70,1200|1100,400|350,1000|900,300|250
LRC,USDT,bsc,0x66e4d38b20173f509a1ff5d82866949e4fe898da,18,0x55d398326f99059fF775485246999027B3197955,18,TRUE,FALSE,TRUE,FALSE,FALSE,FALSE,FALSE,FALSE,900|800,100|70,1200|1100,400|350,1000|900,300|250
HOOK,USDT,bsc,0xa260e12d2b924cb899ae80bb58123ac3fee1e2f0,18,0x55d398326f99059fF775485246999027B3197955,18,TRUE,FALSE,TRUE,FALSE,FALSE,FALSE,FALSE,FALSE,900|800,100|70,1200|1100,400|350,1000|900,300|250
FIS,USDT,bsc,0xf4bafaeae73a4a7c8b6479970075e91e641fb1fc,18,0x55d398326f99059fF775485246999027B3197955,18,TRUE,FALSE,TRUE,FALSE,FALSE,FALSE,FALSE,FALSE,900|800,100|70,1200|1100,400|350,1000|900,300|250
SAHARA,USDT,bsc,0xfdffb411c4a70aa7c95d5c981a6fb4da867e1111,18,0x55d398326f99059fF775485246999027B3197955,18,TRUE,FALSE,TRUE,FALSE,FALSE,FALSE,FALSE,FALSE,900|800,100|70,1200|1100,400|350,1000|900,300|250
AI,USDT,bsc,0xbda011d7f8ec00f66c1923b049b94c67d148d8b2,18,0x55d398326f99059fF775485246999027B3197955,18,TRUE,FALSE,TRUE,FALSE,FALSE,FALSE,FALSE,FALSE,900|800,100|70,1200|1100,400|350,1000|900,300|250
SYN,USDT,bsc,0xa4080f1778e69467e905b8d6f72f6e441f9e9484,18,0x55d398326f99059fF775485246999027B3197955,18,TRUE,FALSE,TRUE,FALSE,FALSE,FALSE,FALSE,FALSE,900|800,100|70,1200|1100,400|350,1000|900,300|250
PARTI,USDT,bsc,0x59264f02d301281f3393e1385c0aefd446eb0f00,18,0x55d398326f99059fF775485246999027B3197955,18,TRUE,FALSE,TRUE,FALSE,FALSE,FALSE,FALSE,FALSE,900|800,100|70,1200|1100,400|350,1000|900,300|250
COOKIE,USDT,bsc,0xc0041ef357b183448b235a8ea73ce4e4ec8c265f,18,0x55d398326f99059fF775485246999027B3197955,18,TRUE,FALSE,TRUE,FALSE,FALSE,FALSE,FALSE,FALSE,900|800,100|70,1200|1100,400|350,1000|900,300|250
SHELL,USDT,bsc,0xf2c88757f8d03634671208935974b60a2a28bdb3,18,0x55d398326f99059fF775485246999027B3197955,18,TRUE,FALSE,TRUE,FALSE,FALSE,FALSE,FALSE,FALSE,900|800,100|70,1200|1100,400|350,1000|900,300|250
ONT,USDT,bsc,0xfd7b3a77848f1c2d67e05e54d78d174a0c850335,18,0x55d398326f99059fF775485246999027B3197955,18,TRUE,FALSE,TRUE,FALSE,FALSE,FALSE,FALSE,FALSE,900|800,100|70,1200|1100,400|350,1000|900,300|250
HAEDAL,USDT,bsc,0x3d9be0ac1001cd81c32464276d863d2ffdca4967,9,0x55d398326f99059fF775485246999027B3197955,18,TRUE,FALSE,TRUE,FALSE,FALSE,FALSE,FALSE,FALSE,900|800,100|70,1200|1100,400|350,1000|900,300|250
ADX,USDT,bsc,0x6bff4fb161347ad7de4a625ae5aa3a1ca7077819,18,0x55d398326f99059fF775485246999027B3197955,18,TRUE,FALSE,TRUE,FALSE,FALSE,FALSE,FALSE,FALSE,900|800,100|70,1200|1100,400|350,1000|900,300|250
ID,USDT,bsc,0x2dff88a56767223a5529ea5960da7a3f5f766406,18,0x55d398326f99059fF775485246999027B3197955,18,TRUE,FALSE,TRUE,FALSE,FALSE,FALSE,FALSE,FALSE,900|800,100|70,1200|1100,400|350,1000|900,300|250
CFX,USDT,bsc,0x045c4324039da91c52c55df5d785385aab073dcf,18,0x55d398326f99059fF775485246999027B3197955,18,TRUE,FALSE,TRUE,FALSE,FALSE,FALSE,FALSE,FALSE,900|800,100|70,1200|1100,400|350,1000|900,300|250
C,USDT,bsc,0xc32cc70741c3a8433dcbcb5ade071c299b55ffc8,18,0x55d398326f99059fF775485246999027B3197955,18,TRUE,FALSE,TRUE,FALSE,FALSE,FALSE,FALSE,FALSE,900|800,100|70,1200|1100,400|350,1000|900,300|250
FLUX,USDT,bsc,0xaff9084f2374585879e8b434c399e29e80cce635,8,0x55d398326f99059fF775485246999027B3197955,18,TRUE,FALSE,TRUE,FALSE,FALSE,FALSE,FALSE,FALSE,900|800,100|70,1200|1100,400|350,1000|900,300|250
MITO,USDT,bsc,0x8e1e6bf7e13c400269987b65ab2b5724b016caef,18,0x55d398326f99059fF775485246999027B3197955,18,TRUE,FALSE,TRUE,FALSE,FALSE,FALSE,FALSE,FALSE,900|800,100|70,1200|1100,400|350,1000|900,300|250
FF,USDT,bsc,0xac23b90a79504865d52b49b327328411a23d4db2,18,0x55d398326f99059fF775485246999027B3197955,18,TRUE,FALSE,TRUE,FALSE,FALSE,FALSE,FALSE,FALSE,900|800,100|70,1200|1100,400|350,1000|900,300|250
WLFI,USDT,bsc,0x47474747477b199288bf72a1d702f7fe0fb1deea,18,0x55d398326f99059fF775485246999027B3197955,18,TRUE,FALSE,TRUE,FALSE,FALSE,FALSE,FALSE,FALSE,900|800,100|70,1200|1100,400|350,1000|900,300|250
HOLO,USDT,bsc,0x1a5d7e4c3a7f940b240b7357a4bfed30d17f9497,18,0x55d398326f99059fF775485246999027B3197955,18,TRUE,FALSE,TRUE,FALSE,FALSE,FALSE,FALSE,FALSE,900|800,100|70,1200|1100,400|350,1000|900,300|250
EDEN,USDT,bsc,0x235b6fe22b4642ada16d311855c49ce7de260841,18,0x55d398326f99059fF775485246999027B3197955,18,TRUE,FALSE,TRUE,FALSE,FALSE,FALSE,FALSE,FALSE,900|800,100|70,1200|1100,400|350,1000|900,300|250
TKO,USDT,bsc,0x9f589e3eabe42ebc94a44727b3f3531c0c877809,18,0x55d398326f99059fF775485246999027B3197955,18,TRUE,FALSE,TRUE,FALSE,FALSE,FALSE,FALSE,FALSE,900|800,100|70,1200|1100,400|350,1000|900,300|250
IOTA,USDT,bsc,0xd944f1d1e9d5f9bb90b62f9d45e447d989580782,6,0x55d398326f99059fF775485246999027B3197955,18,TRUE,FALSE,TRUE,FALSE,FALSE,FALSE,FALSE,FALSE,900|800,100|70,1200|1100,400|350,1000|900,300|250
YGG,USDT,bsc,0x13ab6739368a4e4abf24695bf52959224367391f,18,0x55d398326f99059fF775485246999027B3197955,18,TRUE,FALSE,TRUE,FALSE,FALSE,FALSE,FALSE,FALSE,900|800,100|70,1200|1100,400|350,1000|900,300|250
NEWT,USDT,bsc,0xb8a677e6d805c8d743e6f14c8bc9c19305b5defc,18,0x55d398326f99059fF775485246999027B3197955,18,TRUE,FALSE,TRUE,FALSE,FALSE,FALSE,FALSE,FALSE,900|800,100|70,1200|1100,400|350,1000|900,300|250
STG,USDT,bsc,0xb0d502e938ed5f4df2e681fe6e419ff29631d62b,18,0x55d398326f99059fF775485246999027B3197955,18,TRUE,FALSE,TRUE,FALSE,FALSE,FALSE,FALSE,FALSE,900|800,100|70,1200|1100,400|350,1000|900,300|250
TREE,USDT,bsc,0x77146784315ba81904d654466968e3a7c196d1f3,18,0x55d398326f99059fF775485246999027B3197955,18,TRUE,FALSE,TRUE,FALSE,FALSE,FALSE,FALSE,FALSE,900|800,100|70,1200|1100,400|350,1000|900,300|250
SCRT,USDT,bsc,0x02dd18e4981da3fc7363fe56f3b81d1860b44ea7,18,0x55d398326f99059fF775485246999027B3197955,18,TRUE,FALSE,TRUE,FALSE,FALSE,FALSE,FALSE,FALSE,900|800,100|70,1200|1100,400|350,1000|900,300|250
HBAR,USDT,bsc,0x0422f966bf8e978075a97d47ef4c7efd3563fa51,18,0x55d398326f99059fF775485246999027B3197955,18,TRUE,FALSE,TRUE,FALSE,FALSE,FALSE,FALSE,FALSE,900|800,100|70,1200|1100,400|350,1000|900,300|250
EDU,USDT,bsc,0xbdeae1ca48894a1759a8374d63925f21f2ee2639,18,0x55d398326f99059fF775485246999027B3197955,18,TRUE,FALSE,TRUE,FALSE,FALSE,FALSE,FALSE,FALSE,900|800,100|70,1200|1100,400|350,1000|900,300|250
STO,USDT,bsc,0xdaf1695c41327b61b9b9965ac6a5843a3198cf07,18,0x55d398326f99059fF775485246999027B3197955,18,TRUE,FALSE,TRUE,FALSE,FALSE,FALSE,FALSE,FALSE,900|800,100|70,1200|1100,400|350,1000|900,300|250
1INCH,USDT,bsc,0x111111111117dc0aa78b770fa6a738034120c302,18,0x55d398326f99059fF775485246999027B3197955,18,TRUE,FALSE,TRUE,FALSE,FALSE,FALSE,FALSE,FALSE,900|800,100|70,1200|1100,400|350,1000|900,300|250
KERNEL,USDT,bsc,0x9ecaf80c1303cca8791afbc0ad405c8a35e8d9f1,18,0x55d398326f99059fF775485246999027B3197955,18,TRUE,FALSE,TRUE,FALSE,FALSE,FALSE,FALSE,FALSE,900|800,100|70,1200|1100,400|350,1000|900,300|250
DOGE,USDT,bsc,0xba2ae424d960c26247dd6c32edc70b295c744c43,8,0x55d398326f99059fF775485246999027B3197955,18,TRUE,FALSE,TRUE,FALSE,FALSE,FALSE,FALSE,FALSE,900|800,100|70,1200|1100,400|350,1000|900,300|250
BAT,USDT,bsc,0x101d82428437127bf1608f699cd651e6abf9766e,18,0x55d398326f99059fF775485246999027B3197955,18,TRUE,FALSE,TRUE,FALSE,FALSE,FALSE,FALSE,FALSE,900|800,100|70,1200|1100,400|350,1000|900,300|250
AXL,USDT,bsc,0x8b1f4432f943c465a973fedc6d7aa50fc96f1f65,6,0x55d398326f99059fF775485246999027B3197955,18,TRUE,FALSE,TRUE,FALSE,FALSE,FALSE,FALSE,FALSE,900|800,100|70,1200|1100,400|350,1000|900,300|250
HYPER,USDT,bsc,0xc9d23ed2adb0f551369946bd377f8644ce1ca5c4,18,0x55d398326f99059fF775485246999027B3197955,18,TRUE,FALSE,TRUE,FALSE,FALSE,FALSE,FALSE,FALSE,900|800,100|70,1200|1100,400|350,1000|900,300|250
SAND,USDT,bsc,0x67b725d7e342d7b611fa85e859df9697d9378b2e,18,0x55d398326f99059fF775485246999027B3197955,18,TRUE,FALSE,TRUE,FALSE,FALSE,FALSE,FALSE,FALSE,900|800,100|70,1200|1100,400|350,1000|900,300|250
PERP,USDT,bsc,0x4e7f408be2d4e9d60f49a64b89bb619c84c7c6f5,18,0x55d398326f99059fF775485246999027B3197955,18,TRUE,FALSE,TRUE,FALSE,FALSE,FALSE,FALSE,FALSE,900|800,100|70,1200|1100,400|350,1000|900,300|250
MANA,USDT,bsc,0x26433c8127d9b4e9b71eaa15111df99ea2eeb2f8,18,0x55d398326f99059fF775485246999027B3197955,18,TRUE,FALSE,TRUE,FALSE,FALSE,FALSE,FALSE,FALSE,900|800,100|70,1200|1100,400|350,1000|900,300|250
HEI,USDT,bsc,0xf8f173e20e15f3b6cb686fb64724d370689de083,18,0x55d398326f99059fF775485246999027B3197955,18,TRUE,FALSE,TRUE,FALSE,FALSE,FALSE,FALSE,FALSE,900|800,100|70,1200|1100,400|350,1000|900,300|250
ZKC,USDT,bsc,0x15247e6e23d3923a853ccf15940a20ccdf16e94a,18,0x55d398326f99059fF775485246999027B3197955,18,TRUE,FALSE,TRUE,FALSE,FALSE,FALSE,FALSE,FALSE,900|800,100|70,1200|1100,400|350,1000|900,300|250
FET,USDT,bsc,0x031b41e504677879370e9dbcf937283a8691fa7f,18,0x55d398326f99059fF775485246999027B3197955,18,TRUE,FALSE,TRUE,FALSE,FALSE,FALSE,FALSE,FALSE,900|800,100|70,1200|1100,400|350,1000|900,300|250
THE,USDT,bsc,0xf4c8e32eadec4bfe97e0f595add0f4450a863a11,18,0x55d398326f99059fF775485246999027B3197955,18,TRUE,FALSE,TRUE,FALSE,FALSE,FALSE,FALSE,FALSE,900|800,100|70,1200|1100,400|350,1000|900,300|250
BEL,USDT,bsc,0x8443f091997f06a61670b735ed92734f5628692f,18,0x55d398326f99059fF775485246999027B3197955,18,TRUE,FALSE,TRUE,FALSE,FALSE,FALSE,FALSE,FALSE,900|800,100|70,1200|1100,400|350,1000|900,300|250
FLOW,USDT,bsc,0xc943c5320b9c18c153d1e2d12cc3074bebfb31a2,18,0x55d398326f99059fF775485246999027B3197955,18,TRUE,FALSE,TRUE,FALSE,FALSE,FALSE,FALSE,FALSE,900|800,100|70,1200|1100,400|350,1000|900,300|250
KNC,USDT,bsc,0xfe56d5892bdffc7bf58f2e84be1b2c32d21c308b,18,0x55d398326f99059fF775485246999027B3197955,18,TRUE,FALSE,TRUE,FALSE,FALSE,FALSE,FALSE,FALSE,900|800,100|70,1200|1100,400|350,1000|900,300|250
ACE,USDT,bsc,0xc27a719105a987b4c34116223cae8bd8f4b5def4,18,0x55d398326f99059fF775485246999027B3197955,18,TRUE,FALSE,TRUE,FALSE,FALSE,FALSE,FALSE,FALSE,900|800,100|70,1200|1100,400|350,1000|900,300|250
LISTA,USDT,bsc,0xfceb31a79f71ac9cbdcf853519c1b12d379edc46,18,0x55d398326f99059fF775485246999027B3197955,18,TRUE,FALSE,TRUE,FALSE,FALSE,FALSE,FALSE,FALSE,900|800,100|70,1200|1100,400|350,1000|900,300|250
MIRA,USDT,bsc,0x7839fbfd09dae4d0f15bfb36b8f16f7898fbe684,18,0x55d398326f99059fF775485246999027B3197955,18,TRUE,FALSE,TRUE,FALSE,FALSE,FALSE,FALSE,FALSE,900|800,100|70,1200|1100,400|350,1000|900,300|250
XLM,USDT,bsc,0x43c934a845205f0b514417d757d7235b8f53f1b9,18,0x55d398326f99059fF775485246999027B3197955,18,TRUE,FALSE,TRUE,FALSE,FALSE,FALSE,FALSE,FALSE,900|800,100|70,1200|1100,400|350,1000|900,300|250
HIGH,USDT,bsc,0x5f4bde007dc06b867f86ebfe4802e34a1ffeed63,18,0x55d398326f99059fF775485246999027B3197955,18,TRUE,FALSE,TRUE,FALSE,FALSE,FALSE,FALSE,FALSE,900|800,100|70,1200|1100,400|350,1000|900,300|250
TRX,USDT,bsc,0xce7de646e7208a4ef112cb6ed5038fa6cc6b12e3,6,0x55d398326f99059fF775485246999027B3197955,18,TRUE,FALSE,TRUE,FALSE,FALSE,FALSE,FALSE,FALSE,900|800,100|70,1200|1100,400|350,1000|900,300|250
OPEN,USDT,bsc,0xa227cc36938f0c9e09ce0e64dfab226cad739447,18,0x55d398326f99059fF775485246999027B3197955,18,TRUE,FALSE,TRUE,FALSE,FALSE,FALSE,FALSE,FALSE,900|800,100|70,1200|1100,400|350,1000|900,300|250
NXPC,USDT,bsc,0xf2b51cc1850fed939658317a22d73d3482767591,18,0x55d398326f99059fF775485246999027B3197955,18,TRUE,FALSE,TRUE,FALSE,FALSE,FALSE,FALSE,FALSE,900|800,100|70,1200|1100,400|350,1000|900,300|250
LA,USDT,bsc,0x389ad4bb96d0d6ee5b6ef0efaf4b7db0ba2e02a0,18,0x55d398326f99059fF775485246999027B3197955,18,TRUE,FALSE,TRUE,FALSE,FALSE,FALSE,FALSE,FALSE,900|800,100|70,1200|1100,400|350,1000|900,300|250
ALICE,USDT,bsc,0xac51066d7bec65dc4589368da368b212745d63e8,6,0x55d398326f99059fF775485246999027B3197955,18,TRUE,FALSE,TRUE,FALSE,FALSE,FALSE,FALSE,FALSE,900|800,100|70,1200|1100,400|350,1000|900,300|250
AVA,USDT,bsc,0xd9483ea7214fcfd89b4fb8f513b544920e315a52,18,0x55d398326f99059fF775485246999027B3197955,18,TRUE,FALSE,TRUE,FALSE,FALSE,FALSE,FALSE,FALSE,900|800,100|70,1200|1100,400|350,1000|900,300|250
CTK,USDT,bsc,0xa8c2b8eec3d368c0253ad3dae65a5f2bbb89c929,6,0x55d398326f99059fF775485246999027B3197955,18,TRUE,FALSE,TRUE,FALSE,FALSE,FALSE,FALSE,FALSE,900|800,100|70,1200|1100,400|350,1000|900,300|250
SFP,USDT,bsc,0xd41fdb03ba84762dd66a0af1a6c8540ff1ba5dfb,18,0x55d398326f99059fF775485246999027B3197955,18,TRUE,FALSE,TRUE,FALSE,FALSE,FALSE,FALSE,FALSE,900|800,100|70,1200|1100,400|350,1000|900,300|250
ERA,USDT,bsc,0x00312400303d02c323295f6e8b7309bc30fb6bce,18,0x55d398326f99059fF775485246999027B3197955,18,TRUE,FALSE,TRUE,FALSE,FALSE,FALSE,FALSE,FALSE,900|800,100|70,1200|1100,400|350,1000|900,300|250
APE,USDT,bsc,0xc762043e211571eb34f1ef377e5e8e76914962f9,18,0x55d398326f99059fF775485246999027B3197955,18,TRUE,FALSE,TRUE,FALSE,FALSE,FALSE,FALSE,FALSE,900|800,100|70,1200|1100,400|350,1000|900,300|250
DIA,USDT,bsc,0x99956d38059cf7beda96ec91aa7bb2477e0901dd,18,0x55d398326f99059fF775485246999027B3197955,18,TRUE,FALSE,TRUE,FALSE,FALSE,FALSE,FALSE,FALSE,900|800,100|70,1200|1100,400|350,1000|900,300|250
XPL,USDT,bsc,0x405fbc9004d857903bfd6b3357792d71a50726b0,18,0x55d398326f99059fF775485246999027B3197955,18,TRUE,FALSE,TRUE,FALSE,FALSE,FALSE,FALSE,FALSE,900|800,100|70,1200|1100,400|350,1000|900,300|250
SOMI,USDT,bsc,0xa9616e5e23ec1582c2828b025becf3ef610e266f,18,0x55d398326f99059fF775485246999027B3197955,18,TRUE,FALSE,TRUE,FALSE,FALSE,FALSE,FALSE,FALSE,900|800,100|70,1200|1100,400|350,1000|900,300|250
SUSHI,USDT,bsc,0x947950bcc74888a40ffa2593c5798f11fc9124c4,18,0x55d398326f99059fF775485246999027B3197955,18,TRUE,FALSE,TRUE,FALSE,FALSE,FALSE,FALSE,FALSE,900|800,100|70,1200|1100,400|350,1000|900,300|250
BAND,USDT,bsc,0xad6caeb32cd2c308980a548bd0bc5aa4306c6c18,18,0x55d398326f99059fF775485246999027B3197955,18,TRUE,FALSE,TRUE,FALSE,FALSE,FALSE,FALSE,FALSE,900|800,100|70,1200|1100,400|350,1000|900,300|250
PHB,USDT,bsc,0x0409633a72d846fc5bbe2f98d88564d35987904d,18,0x55d398326f99059fF775485246999027B3197955,18,TRUE,FALSE,TRUE,FALSE,FALSE,FALSE,FALSE,FALSE,900|800,100|70,1200|1100,400|350,1000|900,300|250
BNT,USDT,bsc,0xa069008a669e2af00a86673d9d584cfb524a42cc,18,0x55d398326f99059fF775485246999027B3197955,18,TRUE,FALSE,TRUE,FALSE,FALSE,FALSE,FALSE,FALSE,900|800,100|70,1200|1100,400|350,1000|900,300|250
XTZ,USDT,bsc,0x16939ef78684453bfdfb47825f8a5f714f12623a,18,0x55d398326f99059fF775485246999027B3197955,18,TRUE,FALSE,TRUE,FALSE,FALSE,FALSE,FALSE,FALSE,900|800,100|70,1200|1100,400|350,1000|900,300|250
BARD,USDT,bsc,0xd23a186a78c0b3b805505e5f8ea4083295ef9f3a,18,0x55d398326f99059fF775485246999027B3197955,18,TRUE,FALSE,TRUE,FALSE,FALSE,FALSE,FALSE,FALSE,900|800,100|70,1200|1100,400|350,1000|900,300|250
ADA,USDT,bsc,0x3ee2200efb3400fabb9aacf31297cbdd1d435d47,18,0x55d398326f99059fF775485246999027B3197955,18,TRUE,FALSE,TRUE,FALSE,FALSE,FALSE,FALSE,FALSE,900|800,100|70,1200|1100,400|350,1000|900,300|250
PROVE,USDT,bsc,0x7ddf164cecfddd0f992299d033b5a11279a15929,18,0x55d398326f99059fF775485246999027B3197955,18,TRUE,FALSE,TRUE,FALSE,FALSE,FALSE,FALSE,FALSE,900|800,100|70,1200|1100,400|350,1000|900,300|250
CITY,USDT,bsc,0x4e7e8579a9edc6283011be942537baf9284bebe1,2,0x55d398326f99059fF775485246999027B3197955,18,TRUE,FALSE,TRUE,FALSE,FALSE,FALSE,FALSE,FALSE,900|800,100|70,1200|1100,400|350,1000|900,300|250
FORM,USDT,bsc,0x5b73a93b4e5e4f1fd27d8b3f8c97d69908b5e284,18,0x55d398326f99059fF775485246999027B3197955,18,TRUE,FALSE,TRUE,FALSE,FALSE,FALSE,FALSE,FALSE,900|800,100|70,1200|1100,400|350,1000|900,300|250
MASK,USDT,bsc,0x2ed9a5c8c13b93955103b9a7c167b67ef4d568a3,18,0x55d398326f99059fF775485246999027B3197955,18,TRUE,FALSE,TRUE,FALSE,FALSE,FALSE,FALSE,FALSE,900|800,100|70,1200|1100,400|350,1000|900,300|250
ALPINE,USDT,bsc,0x287880ea252b52b63cc5f40a2d3e5a44aa665a76,8,0x55d398326f99059fF775485246999027B3197955,18,TRUE,FALSE,TRUE,FALSE,FALSE,FALSE,FALSE,FALSE,900|800,100|70,1200|1100,400|350,1000|900,300|250
LAZIO,USDT,bsc,0x77d547256a2cd95f32f67ae0313e450ac200648d,8,0x55d398326f99059fF775485246999027B3197955,18,TRUE,FALSE,TRUE,FALSE,FALSE,FALSE,FALSE,FALSE,900|800,100|70,1200|1100,400|350,1000|900,300|250
TUSD,USDT,bsc,0x40af3827f39d0eacbf4a168f8d4ee67c121d11c9,18,0x55d398326f99059fF775485246999027B3197955,18,TRUE,FALSE,TRUE,FALSE,FALSE,FALSE,FALSE,FALSE,900|800,100|70,1200|1100,400|350,1000|900,300|250
USDE,USDT,bsc,0x5d3a1ff2b6bab83b63cd9ad0787074081a52ef34,18,0x55d398326f99059fF775485246999027B3197955,18,TRUE,FALSE,TRUE,FALSE,FALSE,FALSE,FALSE,FALSE,900|800,100|70,1200|1100,400|350,1000|900,300|250
USDP,USDT,bsc,0xb3c11196a4f3b1da7c23d9fb0a3dde9c6340934f,18,0x55d398326f99059fF775485246999027B3197955,18,TRUE,FALSE,TRUE,FALSE,FALSE,FALSE,FALSE,FALSE,900|800,100|70,1200|1100,400|350,1000|900,300|250
USDC,USDT,bsc,0x8ac76a51cc950d9822d68b83fe1ad97b32cd580d,18,0x55d398326f99059fF775485246999027B3197955,18,TRUE,FALSE,TRUE,FALSE,FALSE,FALSE,FALSE,FALSE,900|800,100|70,1200|1100,400|350,1000|900,300|250
XUSD,USDT,bsc,0xf81ac2e1a0373dde1bce01e2fe694a9b7e3bfcb9,6,0x55d398326f99059fF775485246999027B3197955,18,TRUE,FALSE,TRUE,FALSE,FALSE,FALSE,FALSE,FALSE,900|800,100|70,1200|1100,400|350,1000|900,300|250
USD1,USDT,bsc,0x8d0d000ee44948fc98c9b98a4fa4921476f08b0d,18,0x55d398326f99059fF775485246999027B3197955,18,TRUE,FALSE,TRUE,FALSE,FALSE,FALSE,FALSE,FALSE,900|800,100|70,1200|1100,400|350,1000|900,300|250
PORTO,USDT,bsc,0x49f2145d6366099e13b10fbf80646c0f377ee7f6,8,0x55d398326f99059fF775485246999027B3197955,18,TRUE,FALSE,TRUE,FALSE,FALSE,FALSE,FALSE,FALSE,900|800,100|70,1200|1100,400|350,1000|900,300|250
CYBER,USDT,bsc,0x14778860e937f509e651192a90589de711fb88a9,18,0x55d398326f99059fF775485246999027B3197955,18,TRUE,FALSE,TRUE,FALSE,FALSE,FALSE,FALSE,FALSE,900|800,100|70,1200|1100,400|350,1000|900,300|250
ASTER,USDT,bsc,0x000ae314e2a2172a039b26378814c252734f556a,18,0x55d398326f99059fF775485246999027B3197955,18,TRUE,FALSE,TRUE,FALSE,FALSE,FALSE,FALSE,FALSE,900|800,100|70,1200|1100,400|350,1000|900,300|250
EURI,USDT,bsc,0x9d1a7a3191102e9f900faa10540837ba84dcbae7,18,0x55d398326f99059fF775485246999027B3197955,18,TRUE,FALSE,TRUE,FALSE,FALSE,FALSE,FALSE,FALSE,900|800,100|70,1200|1100,400|350,1000|900,300|250
FXS,USDT,bsc,0xde2f075f6f14eb9d96755b24e416a53e736ca363,18,0x55d398326f99059fF775485246999027B3197955,18,TRUE,FALSE,TRUE,FALSE,FALSE,FALSE,FALSE,FALSE,900|800,100|70,1200|1100,400|350,1000|900,300|250
TWT,USDT,bsc,0x4b0f1812e5df2a09796481ff14017e6005508003,18,0x55d398326f99059fF775485246999027B3197955,18,TRUE,FALSE,TRUE,FALSE,FALSE,FALSE,FALSE,FALSE,900|800,100|70,1200|1100,400|350,1000|900,300|250
SANTOS,USDT,bsc,0xa64455a4553c9034236734faddaddbb64ace4cc7,8,0x55d398326f99059fF775485246999027B3197955,18,TRUE,FALSE,TRUE,FALSE,FALSE,FALSE,FALSE,FALSE,900|800,100|70,1200|1100,400|350,1000|900,300|250
SNX,USDT,bsc,0x9ac983826058b8a9c7aa1c9171441191232e8404,18,0x55d398326f99059fF775485246999027B3197955,18,TRUE,FALSE,TRUE,FALSE,FALSE,FALSE,FALSE,FALSE,900|800,100|70,1200|1100,400|350,1000|900,300|250
DEGO,USDT,bsc,0x3da932456d082cba208feb0b096d49b202bf89c8,18,0x55d398326f99059fF775485246999027B3197955,18,TRUE,FALSE,TRUE,FALSE,FALSE,FALSE,FALSE,FALSE,900|800,100|70,1200|1100,400|350,1000|900,300|250
FIL,USDT,bsc,0x0d8ce2a99bb6e3b7db580ed848240e4a0f9ae153,18,0x55d398326f99059fF775485246999027B3197955,18,TRUE,FALSE,TRUE,FALSE,FALSE,FALSE,FALSE,FALSE,900|800,100|70,1200|1100,400|350,1000|900,300|250
AXS,USDT,bsc,0x715d400f88c167884bbcc41c5fea407ed4d2f8a0,18,0x55d398326f99059fF775485246999027B3197955,18,TRUE,FALSE,TRUE,FALSE,FALSE,FALSE,FALSE,FALSE,900|800,100|70,1200|1100,400|350,1000|900,300|250
ZRO,USDT,bsc,0x6985884c4392d348587b19cb9eaaf157f13271cd,18,0x55d398326f99059fF775485246999027B3197955,18,TRUE,FALSE,TRUE,FALSE,FALSE,FALSE,FALSE,FALSE,900|800,100|70,1200|1100,400|350,1000|900,300|250
0G,USDT,bsc,0x4b948d64de1f71fcd12fb586f4c776421a35b3ee,18,0x55d398326f99059fF775485246999027B3197955,18,TRUE,FALSE,TRUE,FALSE,FALSE,FALSE,FALSE,FALSE,900|800,100|70,1200|1100,400|350,1000|900,300|250
NEAR,USDT,bsc,0x1fa4a73a3f0133f0025378af00236f3abdee5d63,18,0x55d398326f99059fF775485246999027B3197955,18,TRUE,FALSE,TRUE,FALSE,FALSE,FALSE,FALSE,FALSE,900|800,100|70,1200|1100,400|350,1000|900,300|250
XRP,USDT,bsc,0x1d2f0da169ceb9fc7b3144628db156f3f6c60dbe,18,0x55d398326f99059fF775485246999027B3197955,18,TRUE,FALSE,TRUE,FALSE,FALSE,FALSE,FALSE,FALSE,900|800,100|70,1200|1100,400|350,1000|900,300|250
SUI,USDT,bsc,0xd57f2e190c11cffc667aa5ad026cd4c8de0772a7,18,0x55d398326f99059fF775485246999027B3197955,18,TRUE,FALSE,TRUE,FALSE,FALSE,FALSE,FALSE,FALSE,900|800,100|70,1200|1100,400|350,1000|900,300|250
CAKE,USDT,bsc,0x0e09fabb73bd3ade0a17ecc321fd13a19e81ce82,18,0x55d398326f99059fF775485246999027B3197955,18,TRUE,FALSE,TRUE,FALSE,FALSE,FALSE,FALSE,FALSE,900|800,100|70,1200|1100,400|350,1000|900,300|250
DOT,USDT,bsc,0x7083609fce4d1d8dc0c979aab8c869ea2c873402,18,0x55d398326f99059fF775485246999027B3197955,18,TRUE,FALSE,TRUE,FALSE,FALSE,FALSE,FALSE,FALSE,900|800,100|70,1200|1100,400|350,1000|900,300|250
ATOM,USDT,bsc,0x0eb3a705fc54725037cc9e008bdede697f62f335,18,0x55d398326f99059fF775485246999027B3197955,18,TRUE,FALSE,TRUE,FALSE,FALSE,FALSE,FALSE,FALSE,900|800,100|70,1200|1100,400|350,1000|900,300|250
PENDLE,USDT,bsc,0xb3ed0a426155b79b898849803e3b36552f7ed507,18,0x55d398326f99059fF775485246999027B3197955,18,TRUE,FALSE,TRUE,FALSE,FALSE,FALSE,FALSE,FALSE,900|800,100|70,1200|1100,400|350,1000|900,300|250
XVS,USDT,bsc,0xcf6bb5389c92bdda8a3747ddb454cb7a64626c63,18,0x55d398326f99059fF775485246999027B3197955,18,TRUE,FALSE,TRUE,FALSE,FALSE,FALSE,FALSE,FALSE,900|800,100|70,1200|1100,400|350,1000|900,300|250
UNI,USDT,bsc,0xbf5140a22578168fd562dccf235e5d43a02ce9b1,18,0x55d398326f99059fF775485246999027B3197955,18,TRUE,FALSE,TRUE,FALSE,FALSE,FALSE,FALSE,FALSE,900|800,100|70,1200|1100,400|350,1000|900,300|250
AUCTION,USDT,bsc,0x1188d953afc697c031851169eef640f23ac8529c,18,0x55d398326f99059fF775485246999027B3197955,18,TRUE,FALSE,TRUE,FALSE,FALSE,FALSE,FALSE,FALSE,900|800,100|70,1200|1100,400|350,1000|900,300|250
DEXE,USDT,bsc,0x6e88056e8376ae7709496ba64d37fa2f8015ce3e,18,0x55d398326f99059fF775485246999027B3197955,18,TRUE,FALSE,TRUE,FALSE,FALSE,FALSE,FALSE,FALSE,900|800,100|70,1200|1100,400|350,1000|900,300|250
INJ,USDT,bsc,0xa2b726b1145a4773f68593cf171187d8ebe4d495,18,0x55d398326f99059fF775485246999027B3197955,18,TRUE,FALSE,TRUE,FALSE,FALSE,FALSE,FALSE,FALSE,900|800,100|70,1200|1100,400|350,1000|900,300|250
EGLD,USDT,bsc,0xbf7c81fff98bbe61b40ed186e4afd6ddd01337fe,18,0x55d398326f99059fF775485246999027B3197955,18,TRUE,FALSE,TRUE,FALSE,FALSE,FALSE,FALSE,FALSE,900|800,100|70,1200|1100,400|350,1000|900,300|250
PROM,USDT,bsc,0xaf53d56ff99f1322515e54fdde93ff8b3b7dafd5,18,0x55d398326f99059fF775485246999027B3197955,18,TRUE,FALSE,TRUE,FALSE,FALSE,FALSE,FALSE,FALSE,900|800,100|70,1200|1100,400|350,1000|900,300|250
KSM,USDT,bsc,0x2aa69e8d25c045b659787bc1f03ce47a388db6e8,18,0x55d398326f99059fF775485246999027B3197955,18,TRUE,FALSE,TRUE,FALSE,FALSE,FALSE,FALSE,FALSE,900|800,100|70,1200|1100,400|350,1000|900,300|250
ILV,USDT,bsc,0x4d5ac5cc4f8abdf2ec2cb986c00c382369f787d4,18,0x55d398326f99059fF775485246999027B3197955,18,TRUE,FALSE,TRUE,FALSE,FALSE,FALSE,FALSE,FALSE,900|800,100|70,1200|1100,400|350,1000|900,300|250
ETC,USDT,bsc,0x3d6545b08693dae087e957cb1180ee38b9e3c25e,18,0x55d398326f99059fF775485246999027B3197955,18,TRUE,FALSE,TRUE,FALSE,FALSE,FALSE,FALSE,FALSE,900|800,100|70,1200|1100,400|350,1000|900,300|250
LINK,USDT,bsc,0xf8a0bf9cf54bb92f17374d9e9a321e6a111a51bd,18,0x55d398326f99059fF775485246999027B3197955,18,TRUE,FALSE,TRUE,FALSE,FALSE,FALSE,FALSE,FALSE,900|800,100|70,1200|1100,400|350,1000|900,300|250
AVAX,USDT,bsc,0x1ce0c2827e2ef14d5c4f29a091d735a204794041,18,0x55d398326f99059fF775485246999027B3197955,18,TRUE,FALSE,TRUE,FALSE,FALSE,FALSE,FALSE,FALSE,900|800,100|70,1200|1100,400|350,1000|900,300|250
COMP,USDT,bsc,0x52ce071bd9b1c4b00a0b92d298c512478cad67e8,18,0x55d398326f99059fF775485246999027B3197955,18,TRUE,FALSE,TRUE,FALSE,FALSE,FALSE,FALSE,FALSE,900|800,100|70,1200|1100,400|350,1000|900,300|250
LTC,USDT,bsc,0x4338665cbb7b2485a8855a139b75d5e34ab0db94,18,0x55d398326f99059fF775485246999027B3197955,18,TRUE,FALSE,TRUE,FALSE,FALSE,FALSE,FALSE,FALSE,900|800,100|70,1200|1100,400|350,1000|900,300|250
SOL,USDT,bsc,0x570a5d26f7765ecb712c0924e4de545b89fd43df,18,0x55d398326f99059fF775485246999027B3197955,18,TRUE,FALSE,TRUE,FALSE,FALSE,FALSE,FALSE,FALSE,900|800,100|70,1200|1100,400|350,1000|900,300|250
AAVE,USDT,bsc,0xfb6115445bff7b52feb98650c87f44907e58f802,18,0x55d398326f99059fF775485246999027B3197955,18,TRUE,FALSE,TRUE,FALSE,FALSE,FALSE,FALSE,FALSE,900|800,100|70,1200|1100,400|350,1000|900,300|250
ZEC,USDT,bsc,0x1ba42e5193dfa8b03d15dd1b86a3113bbbef8eeb,18,0x55d398326f99059fF775485246999027B3197955,18,TRUE,FALSE,TRUE,FALSE,FALSE,FALSE,FALSE,FALSE,900|800,100|70,1200|1100,400|350,1000|900,300|250
BCH,USDT,bsc,0x8ff795a6f4d97e7887c79bea79aba5cc76444adf,18,0x55d398326f99059fF775485246999027B3197955,18,TRUE,FALSE,TRUE,FALSE,FALSE,FALSE,FALSE,FALSE,900|800,100|70,1200|1100,400|350,1000|900,300|250
ETH,USDT,bsc,0x2170ed0880ac9a755fd29b2688956bd959f933f8,18,0x55d398326f99059fF775485246999027B3197955,18,TRUE,FALSE,TRUE,FALSE,FALSE,FALSE,FALSE,FALSE,900|800,100|70,1200|1100,400|350,1000|900,300|250
WBETH,USDT,bsc,0xa2e3356610840701bdf5611a53974510ae27e2e1,18,0x55d398326f99059fF775485246999027B3197955,18,TRUE,FALSE,TRUE,FALSE,FALSE,FALSE,FALSE,FALSE,900|800,100|70,1200|1100,400|350,1000|900,300|250
YFI,USDT,bsc,0x88f1a5ae2a3bf98aeaf342d26b30a79438c9142e,18,0x55d398326f99059fF775485246999027B3197955,18,TRUE,FALSE,TRUE,FALSE,FALSE,FALSE,FALSE,FALSE,900|800,100|70,1200|1100,400|350,1000|900,300|250
BTC,USDT,bsc,0x7130d2a12b9bcbfae4f2634d864a1ee1ce3ead9c,18,0x55d398326f99059fF775485246999027B3197955,18,TRUE,FALSE,TRUE,FALSE,FALSE,FALSE,FALSE,FALSE,900|800,100|70,1200|1100,400|350,1000|900,300|250
CAKE,1INCH,bsc,0x0e09fabb73bd3ade0a17ecc321fd13a19e81ce82,18,0x111111111117dc0aa78b770fa6a738034120c302,18,TRUE,FALSE,TRUE,FALSE,FALSE,FALSE,FALSE,FALSE,900|800,100|70,1200|1100,400|350,1000|900,300|250
LINK,AAVE,bsc,0xf8a0bf9cf54bb92f17374d9e9a321e6a111a51bd,18,0xfb6115445bff7b52feb98650c87f44907e58f802,18,TRUE,FALSE,TRUE,FALSE,FALSE,FALSE,FALSE,FALSE,900|800,100|70,1200|1100,400|350,1000|900,300|250
LINK,ADA,bsc,0xF8A0BF9cF54Bb92F17374d9e9A321E6a111a51bD,18,0x3EE2200Efb3400fAbB9AacF31297cBdD1d435D47,18,TRUE,FALSE,TRUE,FALSE,FALSE,FALSE,FALSE,FALSE,900|800,100|70,1200|1100,400|350,1000|900,300|250
ZIL,ADA,bsc,0xb86abcb37c3a4b64f74f59301aff131a1becc787,12,0x3ee2200efb3400fabb9aacf31297cbdd1d435d47,18,TRUE,FALSE,TRUE,FALSE,FALSE,FALSE,FALSE,FALSE,900|800,100|70,1200|1100,400|350,1000|900,300|250
CAKE,ALICE,bsc,0x0e09fabb73bd3ade0a17ecc321fd13a19e81ce82,18,0xac51066d7bec65dc4589368da368b212745d63e8,6,TRUE,FALSE,TRUE,FALSE,FALSE,FALSE,FALSE,FALSE,900|800,100|70,1200|1100,400|350,1000|900,300|250
CAKE,ARPA,bsc,0x0e09fabb73bd3ade0a17ecc321fd13a19e81ce82,18,0x6f769e65c14ebd1f68817f5f1dcdb61cfa2d6f7e,18,TRUE,FALSE,TRUE,FALSE,FALSE,FALSE,FALSE,FALSE,900|800,100|70,1200|1100,400|350,1000|900,300|250
ALICE,BAKE,bsc,0xac51066d7bec65dc4589368da368b212745d63e8,6,0xe02df9e3e622debdd69fb838bb799e3f168902c5,18,TRUE,FALSE,TRUE,FALSE,FALSE,FALSE,FALSE,FALSE,900|800,100|70,1200|1100,400|350,1000|900,300|250
BAT,BAKE,bsc,0x101d82428437127bf1608f699cd651e6abf9766e,18,0xe02df9e3e622debdd69fb838bb799e3f168902c5,18,TRUE,FALSE,TRUE,FALSE,FALSE,FALSE,FALSE,FALSE,900|800,100|70,1200|1100,400|350,1000|900,300|250
DOGE,BAKE,bsc,0xba2ae424d960c26247dd6c32edc70b295c744c43,8,0xe02df9e3e622debdd69fb838bb799e3f168902c5,18,TRUE,FALSE,TRUE,FALSE,FALSE,FALSE,FALSE,FALSE,900|800,100|70,1200|1100,400|350,1000|900,300|250
FIL,BAKE,bsc,0x0d8ce2a99bb6e3b7db580ed848240e4a0f9ae153,18,0xe02df9e3e622debdd69fb838bb799e3f168902c5,18,TRUE,FALSE,TRUE,FALSE,FALSE,FALSE,FALSE,FALSE,900|800,100|70,1200|1100,400|350,1000|900,300|250
SHIB,BANANAS31,bsc,0x2859e4544c4bb03966803b044a93563bd2d0dd4d,18,0x3d4f0513e8a29669b960f9dbca61861548a9a760,18,TRUE,FALSE,TRUE,FALSE,FALSE,FALSE,FALSE,FALSE,900|800,100|70,1200|1100,400|350,1000|900,300|250
BONK,BCH,bsc,0xA697e272a73744b343528C3Bc4702F2565b2F422,5,0x8fF795a6F4D97E7887C79beA79aba5cc76444aDf,18,TRUE,FALSE,TRUE,FALSE,FALSE,FALSE,FALSE,FALSE,900|800,100|70,1200|1100,400|350,1000|900,300|250
HIGH,BEL,bsc,0x5f4bde007dc06b867f86ebfe4802e34a1ffeed63,18,0x8443f091997f06a61670b735ed92734f5628692f,18,TRUE,FALSE,TRUE,FALSE,FALSE,FALSE,FALSE,FALSE,900|800,100|70,1200|1100,400|350,1000|900,300|250
CAKE,BONK,bsc,0x0e09fabb73bd3ade0a17ecc321fd13a19e81ce82,18,0xa697e272a73744b343528c3bc4702f2565b2f422,5,TRUE,FALSE,TRUE,FALSE,FALSE,FALSE,FALSE,FALSE,900|800,100|70,1200|1100,400|350,1000|900,300|250
XRP,BONK,bsc,0x1d2f0da169ceb9fc7b3144628db156f3f6c60dbe,18,0xa697e272a73744b343528c3bc4702f2565b2f422,5,TRUE,FALSE,TRUE,FALSE,FALSE,FALSE,FALSE,FALSE,900|800,100|70,1200|1100,400|350,1000|900,300|250
MUBARAK,BROCCOLI714,bsc,0x5c85d6c6825ab4032337f11ee92a72df936b46f6,18,0x6d5ad1592ed9d6d1df9b93c793ab759573ed6714,18,TRUE,FALSE,TRUE,FALSE,FALSE,FALSE,FALSE,FALSE,900|800,100|70,1200|1100,400|350,1000|900,300|250
ADA,BTC,bsc,0x3EE2200Efb3400fAbB9AacF31297cBdD1d435D47,18,0x7130d2A12B9BCbFAe4f2634d864A1Ee1Ce3Ead9c,18,TRUE,FALSE,TRUE,FALSE,FALSE,FALSE,FALSE,FALSE,900|800,100|70,1200|1100,400|350,1000|900,300|250
ADX,BTC,bsc,0x6bff4fb161347ad7de4a625ae5aa3a1ca7077819,18,0x7130d2a12b9bcbfae4f2634d864a1ee1ce3ead9c,18,TRUE,FALSE,TRUE,FALSE,FALSE,FALSE,FALSE,FALSE,900|800,100|70,1200|1100,400|350,1000|900,300|250
ALICE,BTC,bsc,0xac51066d7bec65dc4589368da368b212745d63e8,6,0x7130d2a12b9bcbfae4f2634d864a1ee1ce3ead9c,18,TRUE,FALSE,TRUE,FALSE,FALSE,FALSE,FALSE,FALSE,900|800,100|70,1200|1100,400|350,1000|900,300|250
AXS,BTC,bsc,0x715d400f88c167884bbcc41c5fea407ed4d2f8a0,18,0x7130d2a12b9bcbfae4f2634d864a1ee1ce3ead9c,18,TRUE,FALSE,TRUE,FALSE,FALSE,FALSE,FALSE,FALSE,900|800,100|70,1200|1100,400|350,1000|900,300|250
BCH,BTC,bsc,0x8ff795a6f4d97e7887c79bea79aba5cc76444adf,18,0x7130d2a12b9bcbfae4f2634d864a1ee1ce3ead9c,18,TRUE,FALSE,TRUE,FALSE,FALSE,FALSE,FALSE,FALSE,900|800,100|70,1200|1100,400|350,1000|900,300|250
CAKE,BTC,bsc,0x0e09fabb73bd3ade0a17ecc321fd13a19e81ce82,18,0x7130d2a12b9bcbfae4f2634d864a1ee1ce3ead9c,18,TRUE,FALSE,TRUE,FALSE,FALSE,FALSE,FALSE,FALSE,900|800,100|70,1200|1100,400|350,1000|900,300|250
CHESS,BTC,bsc,0x20de22029ab63cf9a7cf5feb2b737ca1ee4c82a6,18,0x7130d2a12b9bcbfae4f2634d864a1ee1ce3ead9c,18,TRUE,FALSE,TRUE,FALSE,FALSE,FALSE,FALSE,FALSE,900|800,100|70,1200|1100,400|350,1000|900,300|250
CHR,BTC,bsc,0xf9cec8d50f6c8ad3fb6dccec577e05aa32b224fe,6,0x7130d2a12b9bcbfae4f2634d864a1ee1ce3ead9c,18,TRUE,FALSE,TRUE,FALSE,FALSE,FALSE,FALSE,FALSE,900|800,100|70,1200|1100,400|350,1000|900,300|250
COMP,BTC,bsc,0x52ce071bd9b1c4b00a0b92d298c512478cad67e8,18,0x7130d2a12b9bcbfae4f2634d864a1ee1ce3ead9c,18,TRUE,FALSE,TRUE,FALSE,FALSE,FALSE,FALSE,FALSE,900|800,100|70,1200|1100,400|350,1000|900,300|250
CTSI,BTC,bsc,0x8da443f84fea710266c8eb6bc34b71702d033ef2,18,0x7130d2a12b9bcbfae4f2634d864a1ee1ce3ead9c,18,TRUE,FALSE,TRUE,FALSE,FALSE,FALSE,FALSE,FALSE,900|800,100|70,1200|1100,400|350,1000|900,300|250
DATA,BTC,bsc,0x0864c156b3c5f69824564dec60c629ae6401bf2a,18,0x7130d2a12b9bcbfae4f2634d864a1ee1ce3ead9c,18,TRUE,FALSE,TRUE,FALSE,FALSE,FALSE,FALSE,FALSE,900|800,100|70,1200|1100,400|350,1000|900,300|250
DOGE,BTC,bsc,0xbA2aE424d960c26247Dd6c32edC70B295c744C43,8,0x7130d2A12B9BCbFAe4f2634d864A1Ee1Ce3Ead9c,18,TRUE,FALSE,TRUE,FALSE,FALSE,FALSE,FALSE,FALSE,900|800,100|70,1200|1100,400|350,1000|900,300|250
DOT,BTC,bsc,0x7083609fce4d1d8dc0c979aab8c869ea2c873402,18,0x7130d2a12b9bcbfae4f2634d864a1ee1ce3ead9c,18,TRUE,FALSE,TRUE,FALSE,FALSE,FALSE,FALSE,FALSE,900|800,100|70,1200|1100,400|350,1000|900,300|250
ETC,BTC,bsc,0x3d6545b08693dae087e957cb1180ee38b9e3c25e,18,0x7130d2a12b9bcbfae4f2634d864a1ee1ce3ead9c,18,TRUE,FALSE,TRUE,FALSE,FALSE,FALSE,FALSE,FALSE,900|800,100|70,1200|1100,400|350,1000|900,300|250
ETH,BTC,bsc,0x2170ed0880ac9a755fd29b2688956bd959f933f8,18,0x7130d2a12b9bcbfae4f2634d864a1ee1ce3ead9c,18,TRUE,FALSE,TRUE,FALSE,FALSE,FALSE,FALSE,FALSE,900|800,100|70,1200|1100,400|350,1000|900,300|250
FDUSD,BTC,bsc,0xc5f0f7b66764f6ec8c8dff7ba683102295e16409,18,0x7130d2a12b9bcbfae4f2634d864a1ee1ce3ead9c,18,TRUE,FALSE,TRUE,FALSE,FALSE,FALSE,FALSE,FALSE,900|800,100|70,1200|1100,400|350,1000|900,300|250
FLUX,BTC,bsc,0xaff9084f2374585879e8b434c399e29e80cce635,8,0x7130d2a12b9bcbfae4f2634d864a1ee1ce3ead9c,18,TRUE,FALSE,TRUE,FALSE,FALSE,FALSE,FALSE,FALSE,900|800,100|70,1200|1100,400|350,1000|900,300|250
IOTA,BTC,bsc,0xd944f1d1e9d5f9bb90b62f9d45e447d989580782,6,0x7130d2a12b9bcbfae4f2634d864a1ee1ce3ead9c,18,TRUE,FALSE,TRUE,FALSE,FALSE,FALSE,FALSE,FALSE,900|800,100|70,1200|1100,400|350,1000|900,300|250
IOTX,BTC,bsc,0x9678e42cebeb63f23197d726b29b1cb20d0064e5,18,0x7130d2a12b9bcbfae4f2634d864a1ee1ce3ead9c,18,TRUE,FALSE,TRUE,FALSE,FALSE,FALSE,FALSE,FALSE,900|800,100|70,1200|1100,400|350,1000|900,300|250
LINK,BTC,bsc,0xf8a0bf9cf54bb92f17374d9e9a321e6a111a51bd,18,0x7130d2a12b9bcbfae4f2634d864a1ee1ce3ead9c,18,TRUE,FALSE,TRUE,FALSE,FALSE,FALSE,FALSE,FALSE,900|800,100|70,1200|1100,400|350,1000|900,300|250
LISTA,BTC,bsc,0xfceb31a79f71ac9cbdcf853519c1b12d379edc46,18,0x7130d2a12b9bcbfae4f2634d864a1ee1ce3ead9c,18,TRUE,FALSE,TRUE,FALSE,FALSE,FALSE,FALSE,FALSE,900|800,100|70,1200|1100,400|350,1000|900,300|250
LTC,BTC,bsc,0x4338665cbb7b2485a8855a139b75d5e34ab0db94,18,0x7130d2a12b9bcbfae4f2634d864a1ee1ce3ead9c,18,TRUE,FALSE,TRUE,FALSE,FALSE,FALSE,FALSE,FALSE,900|800,100|70,1200|1100,400|350,1000|900,300|250
MKR,BTC,bsc,0x5f0da599bb2cccfcf6fdfd7d81743b6020864350,18,0x7130d2a12b9bcbfae4f2634d864a1ee1ce3ead9c,18,TRUE,FALSE,TRUE,FALSE,FALSE,FALSE,FALSE,FALSE,900|800,100|70,1200|1100,400|350,1000|900,300|250
PHA,BTC,bsc,0x0112e557d400474717056c4e6d40edd846f38351,18,0x7130d2a12b9bcbfae4f2634d864a1ee1ce3ead9c,18,TRUE,FALSE,TRUE,FALSE,FALSE,FALSE,FALSE,FALSE,900|800,100|70,1200|1100,400|350,1000|900,300|250
QI,BTC,bsc,0x8729438eb15e2c8b576fcc6aecda6a148776c0f5,18,0x7130d2a12b9bcbfae4f2634d864a1ee1ce3ead9c,18,TRUE,FALSE,TRUE,FALSE,FALSE,FALSE,FALSE,FALSE,900|800,100|70,1200|1100,400|350,1000|900,300|250
SOL,BTC,bsc,0x570a5d26f7765ecb712c0924e4de545b89fd43df,18,0x7130d2a12b9bcbfae4f2634d864a1ee1ce3ead9c,18,TRUE,FALSE,TRUE,FALSE,FALSE,FALSE,FALSE,FALSE,900|800,100|70,1200|1100,400|350,1000|900,300|250
THE,BTC,bsc,0xf4c8e32eadec4bfe97e0f595add0f4450a863a11,18,0x7130d2a12b9bcbfae4f2634d864a1ee1ce3ead9c,18,TRUE,FALSE,TRUE,FALSE,FALSE,FALSE,FALSE,FALSE,900|800,100|70,1200|1100,400|350,1000|900,300|250
WIN,BTC,bsc,0xaef0d72a118ce24fee3cd1d43d383897d05b4e99,18,0x7130d2a12b9bcbfae4f2634d864a1ee1ce3ead9c,18,TRUE,FALSE,TRUE,FALSE,FALSE,FALSE,FALSE,FALSE,900|800,100|70,1200|1100,400|350,1000|900,300|250
XLM,BTC,bsc,0x43c934a845205f0b514417d757d7235b8f53f1b9,18,0x7130d2a12b9bcbfae4f2634d864a1ee1ce3ead9c,18,TRUE,FALSE,TRUE,FALSE,FALSE,FALSE,FALSE,FALSE,900|800,100|70,1200|1100,400|350,1000|900,300|250
XRP,BTC,bsc,0x1D2F0da169ceB9fC7B3144628dB156f3F6c60dBE,18,0x7130d2A12B9BCbFAe4f2634d864A1Ee1Ce3Ead9c,18,TRUE,FALSE,TRUE,FALSE,FALSE,FALSE,FALSE,FALSE,900|800,100|70,1200|1100,400|350,1000|900,300|250
ZEC,BTC,bsc,0x1ba42e5193dfa8b03d15dd1b86a3113bbbef8eeb,18,0x7130d2a12b9bcbfae4f2634d864a1ee1ce3ead9c,18,TRUE,FALSE,TRUE,FALSE,FALSE,FALSE,FALSE,FALSE,900|800,100|70,1200|1100,400|350,1000|900,300|250
ZRO,BTC,bsc,0x6985884c4392d348587b19cb9eaaf157f13271cd,18,0x7130d2a12b9bcbfae4f2634d864a1ee1ce3ead9c,18,TRUE,FALSE,TRUE,FALSE,FALSE,FALSE,FALSE,FALSE,900|800,100|70,1200|1100,400|350,1000|900,300|250
1MBABYDOGE,CAKE,bsc,0xc748673057861a797275cd8a068abb95a902e8de,15,0x0e09fabb73bd3ade0a17ecc321fd13a19e81ce82,18,TRUE,FALSE,TRUE,FALSE,FALSE,FALSE,FALSE,FALSE,900|800,100|70,1200|1100,400|350,1000|900,300|250
ADX,CAKE,bsc,0x6bff4fb161347ad7de4a625ae5aa3a1ca7077819,18,0x0e09fabb73bd3ade0a17ecc321fd13a19e81ce82,18,TRUE,FALSE,TRUE,FALSE,FALSE,FALSE,FALSE,FALSE,900|800,100|70,1200|1100,400|350,1000|900,300|250
ANKR,CAKE,bsc,0xf307910a4c7bbc79691fd374889b36d8531b08e3,18,0x0e09fabb73bd3ade0a17ecc321fd13a19e81ce82,18,TRUE,FALSE,TRUE,FALSE,FALSE,FALSE,FALSE,FALSE,900|800,100|70,1200|1100,400|350,1000|900,300|250
ATA,CAKE,bsc,0xa2120b9e674d3fc3875f415a7df52e382f141225,18,0x0e09fabb73bd3ade0a17ecc321fd13a19e81ce82,18,TRUE,FALSE,TRUE,FALSE,FALSE,FALSE,FALSE,FALSE,900|800,100|70,1200|1100,400|350,1000|900,300|250
AXS,CAKE,bsc,0x715d400f88c167884bbcc41c5fea407ed4d2f8a0,18,0x0e09fabb73bd3ade0a17ecc321fd13a19e81ce82,18,TRUE,FALSE,TRUE,FALSE,FALSE,FALSE,FALSE,FALSE,900|800,100|70,1200|1100,400|350,1000|900,300|250
BAKE,CAKE,bsc,0xe02df9e3e622debdd69fb838bb799e3f168902c5,18,0x0e09fabb73bd3ade0a17ecc321fd13a19e81ce82,18,TRUE,FALSE,TRUE,FALSE,FALSE,FALSE,FALSE,FALSE,900|800,100|70,1200|1100,400|350,1000|900,300|250
BCH,CAKE,bsc,0x8ff795a6f4d97e7887c79bea79aba5cc76444adf,18,0x0e09fabb73bd3ade0a17ecc321fd13a19e81ce82,18,TRUE,FALSE,TRUE,FALSE,FALSE,FALSE,FALSE,FALSE,900|800,100|70,1200|1100,400|350,1000|900,300|250
C98,CAKE,bsc,0xaec945e04baf28b135fa7c640f624f8d90f1c3a6,18,0x0e09fabb73bd3ade0a17ecc321fd13a19e81ce82,18,TRUE,FALSE,TRUE,FALSE,FALSE,FALSE,FALSE,FALSE,900|800,100|70,1200|1100,400|350,1000|900,300|250
CHESS,CAKE,bsc,0x20de22029ab63cf9a7cf5feb2b737ca1ee4c82a6,18,0x0e09fabb73bd3ade0a17ecc321fd13a19e81ce82,18,TRUE,FALSE,TRUE,FALSE,FALSE,FALSE,FALSE,FALSE,900|800,100|70,1200|1100,400|350,1000|900,300|250
DOGE,CAKE,bsc,0xbA2aE424d960c26247Dd6c32edC70B295c744C43,8,0x0E09FaBB73Bd3Ade0a17ECC321fD13a19e81cE82,18,TRUE,FALSE,TRUE,FALSE,FALSE,FALSE,FALSE,FALSE,900|800,100|70,1200|1100,400|350,1000|900,300|250
HOOK,CAKE,bsc,0xa260e12d2b924cb899ae80bb58123ac3fee1e2f0,18,0x0e09fabb73bd3ade0a17ecc321fd13a19e81ce82,18,TRUE,FALSE,TRUE,FALSE,FALSE,FALSE,FALSE,FALSE,900|800,100|70,1200|1100,400|350,1000|900,300|250
INJ,CAKE,bsc,0xa2b726b1145a4773f68593cf171187d8ebe4d495,18,0x0e09fabb73bd3ade0a17ecc321fd13a19e81ce82,18,TRUE,FALSE,TRUE,FALSE,FALSE,FALSE,FALSE,FALSE,900|800,100|70,1200|1100,400|350,1000|900,300|250
LTC,CAKE,bsc,0x4338665CBB7B2485A8855A139b75D5e34AB0DB94,18,0x0E09FaBB73Bd3Ade0a17ECC321fD13a19e81cE82,18,TRUE,FALSE,TRUE,FALSE,FALSE,FALSE,FALSE,FALSE,900|800,100|70,1200|1100,400|350,1000|900,300|250
SFP,CAKE,bsc,0xd41fdb03ba84762dd66a0af1a6c8540ff1ba5dfb,18,0x0e09fabb73bd3ade0a17ecc321fd13a19e81ce82,18,TRUE,FALSE,TRUE,FALSE,FALSE,FALSE,FALSE,FALSE,900|800,100|70,1200|1100,400|350,1000|900,300|250
TWT,CAKE,bsc,0x4b0f1812e5df2a09796481ff14017e6005508003,18,0x0e09fabb73bd3ade0a17ecc321fd13a19e81ce82,18,TRUE,FALSE,TRUE,FALSE,FALSE,FALSE,FALSE,FALSE,900|800,100|70,1200|1100,400|350,1000|900,300|250
UNI,CAKE,bsc,0xBf5140A22578168FD562DCcF235E5D43A02ce9B1,18,0x0E09FaBB73Bd3Ade0a17ECC321fD13a19e81cE82,18,TRUE,FALSE,TRUE,FALSE,FALSE,FALSE,FALSE,FALSE,900|800,100|70,1200|1100,400|350,1000|900,300|250
WIN,CAKE,bsc,0xaef0d72a118ce24fee3cd1d43d383897d05b4e99,18,0x0e09fabb73bd3ade0a17ecc321fd13a19e81ce82,18,TRUE,FALSE,TRUE,FALSE,FALSE,FALSE,FALSE,FALSE,900|800,100|70,1200|1100,400|350,1000|900,300|250
WOO,CAKE,bsc,0x4691937a7508860f876c9c0a2a617e7d9e945d4b,18,0x0e09fabb73bd3ade0a17ecc321fd13a19e81ce82,18,TRUE,FALSE,TRUE,FALSE,FALSE,FALSE,FALSE,FALSE,900|800,100|70,1200|1100,400|350,1000|900,300|250
XRP,CAKE,bsc,0x1D2F0da169ceB9fC7B3144628dB156f3F6c60dBE,18,0x0E09FaBB73Bd3Ade0a17ECC321fD13a19e81cE82,18,TRUE,FALSE,TRUE,FALSE,FALSE,FALSE,FALSE,FALSE,900|800,100|70,1200|1100,400|350,1000|900,300|250
XVS,CAKE,bsc,0xcF6BB5389c92Bdda8a3747Ddb454cB7a64626C63,18,0x0E09FaBB73Bd3Ade0a17ECC321fD13a19e81cE82,18,TRUE,FALSE,TRUE,FALSE,FALSE,FALSE,FALSE,FALSE,900|800,100|70,1200|1100,400|350,1000|900,300|250
ZIL,CAKE,bsc,0xb86abcb37c3a4b64f74f59301aff131a1becc787,12,0x0e09fabb73bd3ade0a17ecc321fd13a19e81ce82,18,TRUE,FALSE,TRUE,FALSE,FALSE,FALSE,FALSE,FALSE,900|800,100|70,1200|1100,400|350,1000|900,300|250
CAKE,CGPT,bsc,0x0e09fabb73bd3ade0a17ecc321fd13a19e81ce82,18,0x9840652dc04fb9db2c43853633f0f62be6f00f98,18,TRUE,FALSE,TRUE,FALSE,FALSE,FALSE,FALSE,FALSE,900|800,100|70,1200|1100,400|350,1000|900,300|250
PHB,CGPT,bsc,0x0409633a72d846fc5bbe2f98d88564d35987904d,18,0x9840652dc04fb9db2c43853633f0f62be6f00f98,18,TRUE,FALSE,TRUE,FALSE,FALSE,FALSE,FALSE,FALSE,900|800,100|70,1200|1100,400|350,1000|900,300|250
GMT,CHR,bsc,0x3019bf2a2ef8040c242c9a4c5c4bd4c81678b2a1,8,0xf9cec8d50f6c8ad3fb6dccec577e05aa32b224fe,6,TRUE,FALSE,TRUE,FALSE,FALSE,FALSE,FALSE,FALSE,900|800,100|70,1200|1100,400|350,1000|900,300|250
JASMY,CHR,bsc,0x15669cf161946c09a8b207650bfbb00e3d8a2e3e,18,0xf9cec8d50f6c8ad3fb6dccec577e05aa32b224fe,6,TRUE,FALSE,TRUE,FALSE,FALSE,FALSE,FALSE,FALSE,900|800,100|70,1200|1100,400|350,1000|900,300|250
CAKE,COMP,bsc,0x0e09fabb73bd3ade0a17ecc321fd13a19e81ce82,18,0x52ce071bd9b1c4b00a0b92d298c512478cad67e8,18,TRUE,FALSE,TRUE,FALSE,FALSE,FALSE,FALSE,FALSE,900|800,100|70,1200|1100,400|350,1000|900,300|250
CAKE,COS,bsc,0x0e09fabb73bd3ade0a17ecc321fd13a19e81ce82,18,0x96dd399f9c3afda1f194182f71600f1b65946501,18,TRUE,FALSE,TRUE,FALSE,FALSE,FALSE,FALSE,FALSE,900|800,100|70,1200|1100,400|350,1000|900,300|250
CAKE,DODO,bsc,0x0e09fabb73bd3ade0a17ecc321fd13a19e81ce82,18,0x67ee3cb086f8a16f34bee3ca72fad36f7db929e2,18,TRUE,FALSE,TRUE,FALSE,FALSE,FALSE,FALSE,FALSE,900|800,100|70,1200|1100,400|350,1000|900,300|250
BCH,DOGE,bsc,0x8fF795a6F4D97E7887C79beA79aba5cc76444aDf,18,0xbA2aE424d960c26247Dd6c32edC70B295c744C43,8,TRUE,FALSE,TRUE,FALSE,FALSE,FALSE,FALSE,FALSE,900|800,100|70,1200|1100,400|350,1000|900,300|250
BONK,DOGE,bsc,0xa697e272a73744b343528c3bc4702f2565b2f422,5,0xba2ae424d960c26247dd6c32edc70b295c744c43,8,TRUE,FALSE,TRUE,FALSE,FALSE,FALSE,FALSE,FALSE,900|800,100|70,1200|1100,400|350,1000|900,300|250
JASMY,DOGE,bsc,0x15669cf161946c09a8b207650bfbb00e3d8a2e3e,18,0xba2ae424d960c26247dd6c32edc70b295c744c43,8,TRUE,FALSE,TRUE,FALSE,FALSE,FALSE,FALSE,FALSE,900|800,100|70,1200|1100,400|350,1000|900,300|250
SOL,DOGE,bsc,0x570a5d26f7765ecb712c0924e4de545b89fd43df,18,0xba2ae424d960c26247dd6c32edc70b295c744c43,8,TRUE,FALSE,TRUE,FALSE,FALSE,FALSE,FALSE,FALSE,900|800,100|70,1200|1100,400|350,1000|900,300|250
NEAR,DOT,bsc,0x1fa4a73a3f0133f0025378af00236f3abdee5d63,18,0x7083609fce4d1d8dc0c979aab8c869ea2c873402,18,TRUE,FALSE,TRUE,FALSE,FALSE,FALSE,FALSE,FALSE,900|800,100|70,1200|1100,400|350,1000|900,300|250
CAKE,DUSK,bsc,0x0e09fabb73bd3ade0a17ecc321fd13a19e81ce82,18,0xb2bd0749dbe21f623d9baba856d3b0f0e1bfec9c,18,TRUE,FALSE,TRUE,FALSE,FALSE,FALSE,FALSE,FALSE,900|800,100|70,1200|1100,400|350,1000|900,300|250
ID,EDU,bsc,0x2dff88a56767223a5529ea5960da7a3f5f766406,18,0xbdeae1ca48894a1759a8374d63925f21f2ee2639,18,TRUE,FALSE,TRUE,FALSE,FALSE,FALSE,FALSE,FALSE,900|800,100|70,1200|1100,400|350,1000|900,300|250
SAND,EDU,bsc,0x67b725d7e342d7b611fa85e859df9697d9378b2e,18,0xbdeae1ca48894a1759a8374d63925f21f2ee2639,18,TRUE,FALSE,TRUE,FALSE,FALSE,FALSE,FALSE,FALSE,900|800,100|70,1200|1100,400|350,1000|900,300|250
CAKE,ETC,bsc,0x0e09fabb73bd3ade0a17ecc321fd13a19e81ce82,18,0x3d6545b08693dae087e957cb1180ee38b9e3c25e,18,TRUE,FALSE,TRUE,FALSE,FALSE,FALSE,FALSE,FALSE,900|800,100|70,1200|1100,400|350,1000|900,300|250
JASMY,ETC,bsc,0x15669cf161946c09a8b207650bfbb00e3d8a2e3e,18,0x3d6545b08693dae087e957cb1180ee38b9e3c25e,18,TRUE,FALSE,TRUE,FALSE,FALSE,FALSE,FALSE,FALSE,900|800,100|70,1200|1100,400|350,1000|900,300|250
1MBABYDOGE,ETH,bsc,0xc748673057861a797275cd8a068abb95a902e8de,15,0x2170ed0880ac9a755fd29b2688956bd959f933f8,18,TRUE,FALSE,TRUE,FALSE,FALSE,FALSE,FALSE,FALSE,900|800,100|70,1200|1100,400|350,1000|900,300|250
AAVE,ETH,bsc,0xfb6115445bff7b52feb98650c87f44907e58f802,18,0x2170ed0880ac9a755fd29b2688956bd959f933f8,18,TRUE,FALSE,TRUE,FALSE,FALSE,FALSE,FALSE,FALSE,900|800,100|70,1200|1100,400|350,1000|900,300|250
ADA,ETH,bsc,0x3ee2200efb3400fabb9aacf31297cbdd1d435d47,18,0x2170ed0880ac9a755fd29b2688956bd959f933f8,18,TRUE,FALSE,TRUE,FALSE,FALSE,FALSE,FALSE,FALSE,900|800,100|70,1200|1100,400|350,1000|900,300|250
ADX,ETH,bsc,0x6bff4fb161347ad7de4a625ae5aa3a1ca7077819,18,0x2170ed0880ac9a755fd29b2688956bd959f933f8,18,TRUE,FALSE,TRUE,FALSE,FALSE,FALSE,FALSE,FALSE,900|800,100|70,1200|1100,400|350,1000|900,300|250
ATA,ETH,bsc,0xa2120b9e674d3fc3875f415a7df52e382f141225,18,0x2170ed0880ac9a755fd29b2688956bd959f933f8,18,TRUE,FALSE,TRUE,FALSE,FALSE,FALSE,FALSE,FALSE,900|800,100|70,1200|1100,400|350,1000|900,300|250
AVAX,ETH,bsc,0x1ce0c2827e2ef14d5c4f29a091d735a204794041,18,0x2170ed0880ac9a755fd29b2688956bd959f933f8,18,TRUE,FALSE,TRUE,FALSE,FALSE,FALSE,FALSE,FALSE,900|800,100|70,1200|1100,400|350,1000|900,300|250
BAKE,ETH,bsc,0xe02df9e3e622debdd69fb838bb799e3f168902c5,18,0x2170ed0880ac9a755fd29b2688956bd959f933f8,18,TRUE,FALSE,TRUE,FALSE,FALSE,FALSE,FALSE,FALSE,900|800,100|70,1200|1100,400|350,1000|900,300|250
BAND,ETH,bsc,0xad6caeb32cd2c308980a548bd0bc5aa4306c6c18,18,0x2170ed0880ac9a755fd29b2688956bd959f933f8,18,TRUE,FALSE,TRUE,FALSE,FALSE,FALSE,FALSE,FALSE,900|800,100|70,1200|1100,400|350,1000|900,300|250
BAT,ETH,bsc,0x101d82428437127bf1608f699cd651e6abf9766e,18,0x2170ed0880ac9a755fd29b2688956bd959f933f8,18,TRUE,FALSE,TRUE,FALSE,FALSE,FALSE,FALSE,FALSE,900|800,100|70,1200|1100,400|350,1000|900,300|250
BEAMX,ETH,bsc,0x62d0a8458ed7719fdaf978fe5929c6d342b0bfce,18,0x2170ed0880ac9a755fd29b2688956bd959f933f8,18,TRUE,FALSE,TRUE,FALSE,FALSE,FALSE,FALSE,FALSE,900|800,100|70,1200|1100,400|350,1000|900,300|250
CFX,ETH,bsc,0x045c4324039da91c52c55df5d785385aab073dcf,18,0x2170ed0880ac9a755fd29b2688956bd959f933f8,18,TRUE,FALSE,TRUE,FALSE,FALSE,FALSE,FALSE,FALSE,900|800,100|70,1200|1100,400|350,1000|900,300|250
COMP,ETH,bsc,0x52ce071bd9b1c4b00a0b92d298c512478cad67e8,18,0x2170ed0880ac9a755fd29b2688956bd959f933f8,18,TRUE,FALSE,TRUE,FALSE,FALSE,FALSE,FALSE,FALSE,900|800,100|70,1200|1100,400|350,1000|900,300|250
COS,ETH,bsc,0x96dd399f9c3afda1f194182f71600f1b65946501,18,0x2170ed0880ac9a755fd29b2688956bd959f933f8,18,TRUE,FALSE,TRUE,FALSE,FALSE,FALSE,FALSE,FALSE,900|800,100|70,1200|1100,400|350,1000|900,300|250
COTI,ETH,bsc,0xadbaf88b39d37dc68775ed1541f1bf83a5a45feb,18,0x2170ed0880ac9a755fd29b2688956bd959f933f8,18,TRUE,FALSE,TRUE,FALSE,FALSE,FALSE,FALSE,FALSE,900|800,100|70,1200|1100,400|350,1000|900,300|250
CTK,ETH,bsc,0xa8c2b8eec3d368c0253ad3dae65a5f2bbb89c929,6,0x2170ed0880ac9a755fd29b2688956bd959f933f8,18,TRUE,FALSE,TRUE,FALSE,FALSE,FALSE,FALSE,FALSE,900|800,100|70,1200|1100,400|350,1000|900,300|250
DOT,ETH,bsc,0x7083609fce4d1d8dc0c979aab8c869ea2c873402,18,0x2170ed0880ac9a755fd29b2688956bd959f933f8,18,TRUE,FALSE,TRUE,FALSE,FALSE,FALSE,FALSE,FALSE,900|800,100|70,1200|1100,400|350,1000|900,300|250
DUSK,ETH,bsc,0xb2bd0749dbe21f623d9baba856d3b0f0e1bfec9c,18,0x2170ed0880ac9a755fd29b2688956bd959f933f8,18,TRUE,FALSE,TRUE,FALSE,FALSE,FALSE,FALSE,FALSE,900|800,100|70,1200|1100,400|350,1000|900,300|250
EGLD,ETH,bsc,0xbf7c81fff98bbe61b40ed186e4afd6ddd01337fe,18,0x2170ed0880ac9a755fd29b2688956bd959f933f8,18,TRUE,FALSE,TRUE,FALSE,FALSE,FALSE,FALSE,FALSE,900|800,100|70,1200|1100,400|350,1000|900,300|250
FDUSD,ETH,bsc,0xc5f0f7b66764F6ec8C8Dff7BA683102295E16409,18,0x2170Ed0880ac9A755fd29B2688956BD959F933F8,18,TRUE,FALSE,TRUE,FALSE,FALSE,FALSE,FALSE,FALSE,900|800,100|70,1200|1100,400|350,1000|900,300|250
FET,ETH,bsc,0x031b41e504677879370e9dbcf937283a8691fa7f,18,0x2170ed0880ac9a755fd29b2688956bd959f933f8,18,TRUE,FALSE,TRUE,FALSE,FALSE,FALSE,FALSE,FALSE,900|800,100|70,1200|1100,400|350,1000|900,300|250
INJ,ETH,bsc,0xa2b726b1145a4773f68593cf171187d8ebe4d495,18,0x2170ed0880ac9a755fd29b2688956bd959f933f8,18,TRUE,FALSE,TRUE,FALSE,FALSE,FALSE,FALSE,FALSE,900|800,100|70,1200|1100,400|350,1000|900,300|250
IOTA,ETH,bsc,0xd944f1d1e9d5f9bb90b62f9d45e447d989580782,6,0x2170ed0880ac9a755fd29b2688956bd959f933f8,18,TRUE,FALSE,TRUE,FALSE,FALSE,FALSE,FALSE,FALSE,900|800,100|70,1200|1100,400|350,1000|900,300|250
IOTX,ETH,bsc,0x9678e42cebeb63f23197d726b29b1cb20d0064e5,18,0x2170ed0880ac9a755fd29b2688956bd959f933f8,18,TRUE,FALSE,TRUE,FALSE,FALSE,FALSE,FALSE,FALSE,900|800,100|70,1200|1100,400|350,1000|900,300|250
KNC,ETH,bsc,0xfe56d5892bdffc7bf58f2e84be1b2c32d21c308b,18,0x2170ed0880ac9a755fd29b2688956bd959f933f8,18,TRUE,FALSE,TRUE,FALSE,FALSE,FALSE,FALSE,FALSE,900|800,100|70,1200|1100,400|350,1000|900,300|250
LINK,ETH,bsc,0xf8a0bf9cf54bb92f17374d9e9a321e6a111a51bd,18,0x2170ed0880ac9a755fd29b2688956bd959f933f8,18,TRUE,FALSE,TRUE,FALSE,FALSE,FALSE,FALSE,FALSE,900|800,100|70,1200|1100,400|350,1000|900,300|250
MASK,ETH,bsc,0x2ed9a5c8c13b93955103b9a7c167b67ef4d568a3,18,0x2170ed0880ac9a755fd29b2688956bd959f933f8,18,TRUE,FALSE,TRUE,FALSE,FALSE,FALSE,FALSE,FALSE,900|800,100|70,1200|1100,400|350,1000|900,300|250
MAV,ETH,bsc,0xd691d9a68c887bdf34da8c36f63487333acfd103,18,0x2170ed0880ac9a755fd29b2688956bd959f933f8,18,TRUE,FALSE,TRUE,FALSE,FALSE,FALSE,FALSE,FALSE,900|800,100|70,1200|1100,400|350,1000|900,300|250
NEAR,ETH,bsc,0x1fa4a73a3f0133f0025378af00236f3abdee5d63,18,0x2170ed0880ac9a755fd29b2688956bd959f933f8,18,TRUE,FALSE,TRUE,FALSE,FALSE,FALSE,FALSE,FALSE,900|800,100|70,1200|1100,400|350,1000|900,300|250
ONT,ETH,bsc,0xfd7b3a77848f1c2d67e05e54d78d174a0c850335,18,0x2170ed0880ac9a755fd29b2688956bd959f933f8,18,TRUE,FALSE,TRUE,FALSE,FALSE,FALSE,FALSE,FALSE,900|800,100|70,1200|1100,400|350,1000|900,300|250
PENDLE,ETH,bsc,0xb3Ed0A426155B79B898849803E3B36552f7ED507,18,0x2170Ed0880ac9A755fd29B2688956BD959F933F8,18,TRUE,FALSE,TRUE,FALSE,FALSE,FALSE,FALSE,FALSE,900|800,100|70,1200|1100,400|350,1000|900,300|250
PHA,ETH,bsc,0x0112e557d400474717056c4e6d40edd846f38351,18,0x2170ed0880ac9a755fd29b2688956bd959f933f8,18,TRUE,FALSE,TRUE,FALSE,FALSE,FALSE,FALSE,FALSE,900|800,100|70,1200|1100,400|350,1000|900,300|250
SAND,ETH,bsc,0x67b725d7e342d7b611fa85e859df9697d9378b2e,18,0x2170ed0880ac9a755fd29b2688956bd959f933f8,18,TRUE,FALSE,TRUE,FALSE,FALSE,FALSE,FALSE,FALSE,900|800,100|70,1200|1100,400|350,1000|900,300|250
SHIB,ETH,bsc,0x2859e4544c4bb03966803b044a93563bd2d0dd4d,18,0x2170ed0880ac9a755fd29b2688956bd959f933f8,18,TRUE,FALSE,TRUE,FALSE,FALSE,FALSE,FALSE,FALSE,900|800,100|70,1200|1100,400|350,1000|900,300|250
SLP,ETH,bsc,0x070a08BeEF8d36734dD67A491202fF35a6A16d97,18,0x2170Ed0880ac9A755fd29B2688956BD959F933F8,18,TRUE,FALSE,TRUE,FALSE,FALSE,FALSE,FALSE,FALSE,900|800,100|70,1200|1100,400|350,1000|900,300|250
SNX,ETH,bsc,0x9ac983826058b8a9c7aa1c9171441191232e8404,18,0x2170ed0880ac9a755fd29b2688956bd959f933f8,18,TRUE,FALSE,TRUE,FALSE,FALSE,FALSE,FALSE,FALSE,900|800,100|70,1200|1100,400|350,1000|900,300|250
SOL,ETH,bsc,0x570a5d26f7765ecb712c0924e4de545b89fd43df,18,0x2170ed0880ac9a755fd29b2688956bd959f933f8,18,TRUE,FALSE,TRUE,FALSE,FALSE,FALSE,FALSE,FALSE,900|800,100|70,1200|1100,400|350,1000|900,300|250
SUSHI,ETH,bsc,0x947950bcc74888a40ffa2593c5798f11fc9124c4,18,0x2170ed0880ac9a755fd29b2688956bd959f933f8,18,TRUE,FALSE,TRUE,FALSE,FALSE,FALSE,FALSE,FALSE,900|800,100|70,1200|1100,400|350,1000|900,300|250
THE,ETH,bsc,0xf4c8e32eadec4bfe97e0f595add0f4450a863a11,18,0x2170ed0880ac9a755fd29b2688956bd959f933f8,18,TRUE,FALSE,TRUE,FALSE,FALSE,FALSE,FALSE,FALSE,900|800,100|70,1200|1100,400|350,1000|900,300|250
TRX,ETH,bsc,0xce7de646e7208a4ef112cb6ed5038fa6cc6b12e3,6,0x2170ed0880ac9a755fd29b2688956bd959f933f8,18,TRUE,FALSE,TRUE,FALSE,FALSE,FALSE,FALSE,FALSE,900|800,100|70,1200|1100,400|350,1000|900,300|250
UNI,ETH,bsc,0xbf5140a22578168fd562dccf235e5d43a02ce9b1,18,0x2170ed0880ac9a755fd29b2688956bd959f933f8,18,TRUE,FALSE,TRUE,FALSE,FALSE,FALSE,FALSE,FALSE,900|800,100|70,1200|1100,400|350,1000|900,300|250
WIN,ETH,bsc,0xaef0d72a118ce24fee3cd1d43d383897d05b4e99,18,0x2170ed0880ac9a755fd29b2688956bd959f933f8,18,TRUE,FALSE,TRUE,FALSE,FALSE,FALSE,FALSE,FALSE,900|800,100|70,1200|1100,400|350,1000|900,300|250
WOO,ETH,bsc,0x4691937a7508860f876c9c0a2a617e7d9e945d4b,18,0x2170ed0880ac9a755fd29b2688956bd959f933f8,18,TRUE,FALSE,TRUE,FALSE,FALSE,FALSE,FALSE,FALSE,900|800,100|70,1200|1100,400|350,1000|900,300|250
XLM,ETH,bsc,0x43c934a845205f0b514417d757d7235b8f53f1b9,18,0x2170ed0880ac9a755fd29b2688956bd959f933f8,18,TRUE,FALSE,TRUE,FALSE,FALSE,FALSE,FALSE,FALSE,900|800,100|70,1200|1100,400|350,1000|900,300|250
XRP,ETH,bsc,0x1d2f0da169ceb9fc7b3144628db156f3f6c60dbe,18,0x2170ed0880ac9a755fd29b2688956bd959f933f8,18,TRUE,FALSE,TRUE,FALSE,FALSE,FALSE,FALSE,FALSE,900|800,100|70,1200|1100,400|350,1000|900,300|250
XTZ,ETH,bsc,0x16939ef78684453bfdfb47825f8a5f714f12623a,18,0x2170ed0880ac9a755fd29b2688956bd959f933f8,18,TRUE,FALSE,TRUE,FALSE,FALSE,FALSE,FALSE,FALSE,900|800,100|70,1200|1100,400|350,1000|900,300|250
YFI,ETH,bsc,0x88f1a5ae2a3bf98aeaf342d26b30a79438c9142e,18,0x2170ed0880ac9a755fd29b2688956bd959f933f8,18,TRUE,FALSE,TRUE,FALSE,FALSE,FALSE,FALSE,FALSE,900|800,100|70,1200|1100,400|350,1000|900,300|250
ZEC,ETH,bsc,0x1ba42e5193dfa8b03d15dd1b86a3113bbbef8eeb,18,0x2170ed0880ac9a755fd29b2688956bd959f933f8,18,TRUE,FALSE,TRUE,FALSE,FALSE,FALSE,FALSE,FALSE,900|800,100|70,1200|1100,400|350,1000|900,300|250
CAKE,FDUSD,bsc,0x0e09fabb73bd3ade0a17ecc321fd13a19e81ce82,18,0xc5f0f7b66764f6ec8c8dff7ba683102295e16409,18,TRUE,FALSE,TRUE,FALSE,FALSE,FALSE,FALSE,FALSE,900|800,100|70,1200|1100,400|350,1000|900,300|250
CAKE,GMT,bsc,0x0e09fabb73bd3ade0a17ecc321fd13a19e81ce82,18,0x3019bf2a2ef8040c242c9a4c5c4bd4c81678b2a1,8,TRUE,FALSE,TRUE,FALSE,FALSE,FALSE,FALSE,FALSE,900|800,100|70,1200|1100,400|350,1000|900,300|250
CAKE,HFT,bsc,0x0e09fabb73bd3ade0a17ecc321fd13a19e81ce82,18,0x44ec807ce2f4a6f2737a92e985f318d035883e47,18,TRUE,FALSE,TRUE,FALSE,FALSE,FALSE,FALSE,FALSE,900|800,100|70,1200|1100,400|350,1000|900,300|250
CAKE,HIGH,bsc,0x0e09fabb73bd3ade0a17ecc321fd13a19e81ce82,18,0x5f4bde007dc06b867f86ebfe4802e34a1ffeed63,18,TRUE,FALSE,TRUE,FALSE,FALSE,FALSE,FALSE,FALSE,900|800,100|70,1200|1100,400|350,1000|900,300|250
CAKE,ID,bsc,0x0e09fabb73bd3ade0a17ecc321fd13a19e81ce82,18,0x2dff88a56767223a5529ea5960da7a3f5f766406,18,TRUE,FALSE,TRUE,FALSE,FALSE,FALSE,FALSE,FALSE,900|800,100|70,1200|1100,400|350,1000|900,300|250
FET,INJ,bsc,0x031b41e504677879370e9dbcf937283a8691fa7f,18,0xa2b726b1145a4773f68593cf171187d8ebe4d495,18,TRUE,FALSE,TRUE,FALSE,FALSE,FALSE,FALSE,FALSE,900|800,100|70,1200|1100,400|350,1000|900,300|250
BTTC,IOTX,bsc,0x352cb5e19b12fc216548a2677bd0fce83bae434b,18,0x9678e42cebeb63f23197d726b29b1cb20d0064e5,18,TRUE,FALSE,TRUE,FALSE,FALSE,FALSE,FALSE,FALSE,900|800,100|70,1200|1100,400|350,1000|900,300|250
CAKE,IOTX,bsc,0x0e09fabb73bd3ade0a17ecc321fd13a19e81ce82,18,0x9678e42cebeb63f23197d726b29b1cb20d0064e5,18,TRUE,FALSE,TRUE,FALSE,FALSE,FALSE,FALSE,FALSE,900|800,100|70,1200|1100,400|350,1000|900,300|250
CAKE,JASMY,bsc,0x0e09fabb73bd3ade0a17ecc321fd13a19e81ce82,18,0x15669cf161946c09a8b207650bfbb00e3d8a2e3e,18,TRUE,FALSE,TRUE,FALSE,FALSE,FALSE,FALSE,FALSE,900|800,100|70,1200|1100,400|350,1000|900,300|250
ALICE,LINK,bsc,0xac51066d7bec65dc4589368da368b212745d63e8,6,0xf8a0bf9cf54bb92f17374d9e9a321e6a111a51bd,18,TRUE,FALSE,TRUE,FALSE,FALSE,FALSE,FALSE,FALSE,900|800,100|70,1200|1100,400|350,1000|900,300|250
INJ,LINK,bsc,0xa2b726b1145a4773f68593cf171187d8ebe4d495,18,0xf8a0bf9cf54bb92f17374d9e9a321e6a111a51bd,18,TRUE,FALSE,TRUE,FALSE,FALSE,FALSE,FALSE,FALSE,900|800,100|70,1200|1100,400|350,1000|900,300|250
UNI,LINK,bsc,0xbf5140a22578168fd562dccf235e5d43a02ce9b1,18,0xf8a0bf9cf54bb92f17374d9e9a321e6a111a51bd,18,TRUE,FALSE,TRUE,FALSE,FALSE,FALSE,FALSE,FALSE,900|800,100|70,1200|1100,400|350,1000|900,300|250
CAKE,LISTA,bsc,0x0e09fabb73bd3ade0a17ecc321fd13a19e81ce82,18,0xfceb31a79f71ac9cbdcf853519c1b12d379edc46,18,TRUE,FALSE,TRUE,FALSE,FALSE,FALSE,FALSE,FALSE,900|800,100|70,1200|1100,400|350,1000|900,300|250
ETC,LTC,bsc,0x3d6545b08693dae087e957cb1180ee38b9e3c25e,18,0x4338665cbb7b2485a8855a139b75d5e34ab0db94,18,TRUE,FALSE,TRUE,FALSE,FALSE,FALSE,FALSE,FALSE,900|800,100|70,1200|1100,400|350,1000|900,300|250
CAKE,MANA,bsc,0x0e09fabb73bd3ade0a17ecc321fd13a19e81ce82,18,0x26433c8127d9b4e9b71eaa15111df99ea2eeb2f8,18,TRUE,FALSE,TRUE,FALSE,FALSE,FALSE,FALSE,FALSE,900|800,100|70,1200|1100,400|350,1000|900,300|250
CAKE,ONT,bsc,0x0e09fabb73bd3ade0a17ecc321fd13a19e81ce82,18,0xfd7b3a77848f1c2d67e05e54d78d174a0c850335,18,TRUE,FALSE,TRUE,FALSE,FALSE,FALSE,FALSE,FALSE,900|800,100|70,1200|1100,400|350,1000|900,300|250
SOL,PENDLE,bsc,0x570a5d26f7765ecb712c0924e4de545b89fd43df,18,0xb3ed0a426155b79b898849803e3b36552f7ed507,18,TRUE,FALSE,TRUE,FALSE,FALSE,FALSE,FALSE,FALSE,900|800,100|70,1200|1100,400|350,1000|900,300|250
XRP,PENDLE,bsc,0x1d2f0da169ceb9fc7b3144628db156f3f6c60dbe,18,0xb3ed0a426155b79b898849803e3b36552f7ed507,18,TRUE,FALSE,TRUE,FALSE,FALSE,FALSE,FALSE,FALSE,900|800,100|70,1200|1100,400|350,1000|900,300|250
BEAMX,QI,bsc,0x62d0a8458ed7719fdaf978fe5929c6d342b0bfce,18,0x8729438eb15e2c8b576fcc6aecda6a148776c0f5,18,TRUE,FALSE,TRUE,FALSE,FALSE,FALSE,FALSE,FALSE,900|800,100|70,1200|1100,400|350,1000|900,300|250
TKO,SFP,bsc,0x9f589e3eabe42ebc94a44727b3f3531c0c877809,18,0xd41fdb03ba84762dd66a0af1a6c8540ff1ba5dfb,18,TRUE,FALSE,TRUE,FALSE,FALSE,FALSE,FALSE,FALSE,900|800,100|70,1200|1100,400|350,1000|900,300|250
1000CHEEMS,SHIB,bsc,0x0df0587216a4a1bb7d5082fdc491d93d2dd4b413,21,0x2859e4544c4bb03966803b044a93563bd2d0dd4d,18,TRUE,FALSE,TRUE,FALSE,FALSE,FALSE,FALSE,FALSE,900|800,100|70,1200|1100,400|350,1000|900,300|250
BCH,SHIB,bsc,0x8fF795a6F4D97E7887C79beA79aba5cc76444aDf,18,0x2859e4544C4bB03966803b044A93563Bd2D0DD4D,18,TRUE,FALSE,TRUE,FALSE,FALSE,FALSE,FALSE,FALSE,900|800,100|70,1200|1100,400|350,1000|900,300|250
WIN,SHIB,bsc,0xaef0d72a118ce24fee3cd1d43d383897d05b4e99,18,0x2859e4544c4bb03966803b044a93563bd2d0dd4d,18,TRUE,FALSE,TRUE,FALSE,FALSE,FALSE,FALSE,FALSE,900|800,100|70,1200|1100,400|350,1000|900,300|250
AXS,SLP,bsc,0x715d400f88c167884bbcc41c5fea407ed4d2f8a0,18,0x070a08beef8d36734dd67a491202ff35a6a16d97,18,TRUE,FALSE,TRUE,FALSE,FALSE,FALSE,FALSE,FALSE,900|800,100|70,1200|1100,400|350,1000|900,300|250
FET,SOL,bsc,0x031b41e504677879370e9dbcf937283a8691fa7f,18,0x570a5d26f7765ecb712c0924e4de545b89fd43df,18,TRUE,FALSE,TRUE,FALSE,FALSE,FALSE,FALSE,FALSE,900|800,100|70,1200|1100,400|350,1000|900,300|250
1INCH,SUSHI,bsc,0x111111111117dc0aa78b770fa6a738034120c302,18,0x947950bcc74888a40ffa2593c5798f11fc9124c4,18,TRUE,FALSE,TRUE,FALSE,FALSE,FALSE,FALSE,FALSE,900|800,100|70,1200|1100,400|350,1000|900,300|250
CAKE,SUSHI,bsc,0x0e09fabb73bd3ade0a17ecc321fd13a19e81ce82,18,0x947950bcc74888a40ffa2593c5798f11fc9124c4,18,TRUE,FALSE,TRUE,FALSE,FALSE,FALSE,FALSE,FALSE,900|800,100|70,1200|1100,400|350,1000|900,300|250
DODO,SUSHI,bsc,0x67ee3cb086f8a16f34bee3ca72fad36f7db929e2,18,0x947950bcc74888a40ffa2593c5798f11fc9124c4,18,TRUE,FALSE,TRUE,FALSE,FALSE,FALSE,FALSE,FALSE,900|800,100|70,1200|1100,400|350,1000|900,300|250
CAKE,TKO,bsc,0x0e09fabb73bd3ade0a17ecc321fd13a19e81ce82,18,0x9f589e3eabe42ebc94a44727b3f3531c0c877809,18,TRUE,FALSE,TRUE,FALSE,FALSE,FALSE,FALSE,FALSE,900|800,100|70,1200|1100,400|350,1000|900,300|250
CAKE,TLM,bsc,0x0e09fabb73bd3ade0a17ecc321fd13a19e81ce82,18,0x2222227e22102fe3322098e4cbfe18cfebd57c95,4,TRUE,FALSE,TRUE,FALSE,FALSE,FALSE,FALSE,FALSE,900|800,100|70,1200|1100,400|350,1000|900,300|250
DUSK,TRU,bsc,0xb2bd0749dbe21f623d9baba856d3b0f0e1bfec9c,18,0xb4fcdcb8a0b29247466720ff81587d1a6f4fc4d7,8,TRUE,FALSE,TRUE,FALSE,FALSE,FALSE,FALSE,FALSE,900|800,100|70,1200|1100,400|350,1000|900,300|250
BTTC,TUSD,bsc,0x352cb5e19b12fc216548a2677bd0fce83bae434b,18,0x40af3827f39d0eacbf4a168f8d4ee67c121d11c9,18,TRUE,FALSE,TRUE,FALSE,FALSE,FALSE,FALSE,FALSE,900|800,100|70,1200|1100,400|350,1000|900,300|250
DODO,UNI,bsc,0x67ee3cb086f8a16f34bee3ca72fad36f7db929e2,18,0xbf5140a22578168fd562dccf235e5d43a02ce9b1,18,TRUE,FALSE,TRUE,FALSE,FALSE,FALSE,FALSE,FALSE,900|800,100|70,1200|1100,400|350,1000|900,300|250
ETC,UNI,bsc,0x3d6545b08693dae087e957cb1180ee38b9e3c25e,18,0xbf5140a22578168fd562dccf235e5d43a02ce9b1,18,TRUE,FALSE,TRUE,FALSE,FALSE,FALSE,FALSE,FALSE,900|800,100|70,1200|1100,400|350,1000|900,300|250
INJ,UNI,bsc,0xa2b726b1145a4773f68593cf171187d8ebe4d495,18,0xbf5140a22578168fd562dccf235e5d43a02ce9b1,18,TRUE,FALSE,TRUE,FALSE,FALSE,FALSE,FALSE,FALSE,900|800,100|70,1200|1100,400|350,1000|900,300|250
SUSHI,UNI,bsc,0x947950bcc74888a40ffa2593c5798f11fc9124c4,18,0xbf5140a22578168fd562dccf235e5d43a02ce9b1,18,TRUE,FALSE,TRUE,FALSE,FALSE,FALSE,FALSE,FALSE,900|800,100|70,1200|1100,400|350,1000|900,300|250